YES,7
YES,1
YES,85
YES,37
YES,55
YES,29
YES,60
YES,85
YES,51
NO,6
YES,48
YES,60
YES,99
NO,42
YES,24
YES,68
YES,64
YES,38
YES,3
NO,45
NO,60
YES,55
YES,66
YES,85
YES,27
YES,41
YES,100
YES,2
YES,22
YES,46
YES,8
YES,33
YES,58
YES,73
YES,85
YES,9
YES,83
YES,40
YES,69
YES,56
YES,52
YES,82
YES,11
YES,18
YES,27
YES,29
YES,59
YES,28
YES,30
YES,10
YES,9
YES,87
YES,92
YES,7
YES,84
YES,43
YES,88
YES,62
YES,41
YES,84
YES,38
YES,84
YES,89
NO,93
NO,36
YES,89
YES,11
YES,24
YES,59
YES,74
YES,8
YES,70
NO,5
YES,56
NO,30
YES,74
YES,12
YES,67
YES,45
YES,45
YES,5
YES,20
YES,36
NO,88
YES,8
YES,94
YES,47
YES,20
YES,94
YES,61
YES,48
YES,23
NO,34
YES,30
YES,34
YES,91
YES,79
YES,8
YES,34
YES,72
YES,3
YES,76
NO,3
YES,68
YES,81
YES,67
YES,68
NO,75
YES,70
NO,87
YES,90
YES,97
YES,78
YES,70
YES,19
NO,44
YES,27
YES,61
YES,89
YES,86
YES,1
YES,70
YES,45
YES,29
YES,100
YES,93
YES,62
YES,75
YES,75
YES,25
YES,9
YES,46
YES,36
NO,75
YES,35
YES,10
YES,64
YES,92
YES,31
YES,85
YES,70
YES,96
YES,52
YES,60
YES,47
NO,35
YES,47
NO,29
YES,58
YES,97
YES,60
YES,9
YES,18
YES,79
NO,4
YES,75
YES,62
YES,20
YES,97
YES,22
YES,58
YES,58
YES,48
YES,98
YES,14
YES,46
YES,45
YES,89
YES,49
YES,35
YES,69
YES,7
YES,14
YES,72
YES,80
YES,64
YES,62
NO,56
YES,97
YES,22
YES,21
YES,34
YES,3
YES,48
YES,51
YES,62
YES,17
YES,15
NO,22
YES,35
YES,56
NO,4
YES,45
YES,80
YES,37
YES,48
NO,66
YES,4
YES,48
NO,17
YES,43
YES,94
YES,96
YES,81
YES,29
NO,59
YES,20
YES,94
YES,16
YES,22
YES,20
NO,80
YES,44
YES,63
YES,78
YES,69
YES,8
YES,55
NO,6
YES,29
YES,72
YES,93
YES,82
YES,5
YES,17
YES,34
YES,0
YES,81
YES,70
YES,46
YES,79
YES,1
YES,100
NO,96
YES,59
YES,80
YES,69
YES,12
YES,64
YES,84
NO,32
YES,59
YES,83
YES,85
YES,35
YES,27
YES,30
YES,68
YES,86
YES,6
YES,92
YES,18
YES,66
YES,38
YES,56
YES,2
YES,92
YES,62
YES,84
YES,58
YES,49
YES,7
YES,79
YES,48
YES,27
YES,95
YES,18
YES,62
YES,83
YES,74
YES,80
YES,18
YES,34
NO,47
YES,45
YES,71
YES,82
YES,40
YES,34
YES,38
YES,46
YES,3
YES,66
YES,68
YES,61
NO,52
YES,17
YES,36
YES,61
YES,71
YES,42
NO,76
YES,32
NO,8
YES,60
YES,55
YES,33
YES,50
YES,60
YES,33
YES,63
YES,96
YES,61
NO,100
YES,76
YES,20
YES,67
YES,65
YES,15
YES,26
YES,76
NO,6
NO,6
YES,55
YES,51
YES,90
YES,94
YES,65
YES,26
YES,47
YES,82
YES,65
YES,44
YES,4
YES,94
NO,71
YES,43
YES,92
YES,21
YES,86
YES,50
YES,78
YES,67
YES,94
YES,1
YES,9
YES,3
YES,87
YES,55
YES,48
YES,89
YES,62
YES,60
YES,87
NO,69
YES,24
YES,72
YES,48
YES,62
YES,56
YES,53
NO,8
YES,79
YES,50
YES,64
YES,10
YES,53
YES,51
NO,55
YES,9
YES,17
YES,100
YES,25
YES,0
YES,81
YES,42
YES,63
YES,1
YES,86
YES,62
YES,50
YES,79
YES,31
YES,44
YES,79
YES,24
YES,10
YES,23
YES,47
YES,97
YES,64
YES,85
YES,70
NO,13
YES,40
YES,56
YES,84
YES,99
YES,3
YES,25
YES,16
YES,84
YES,34
NO,4
YES,6
YES,47
YES,80
YES,4
YES,28
YES,52
YES,53
YES,88
YES,15
YES,30
YES,24
YES,78
NO,38
YES,75
YES,48
YES,31
YES,46
YES,27
YES,41
YES,63
YES,72
NO,96
YES,57
YES,54
YES,50
YES,29
YES,83
YES,31
YES,3
YES,16
NO,39
YES,71
YES,11
YES,27
YES,48
YES,14
YES,81
YES,92
YES,93
YES,82
YES,97
YES,63
YES,2
YES,8
NO,5
YES,14
YES,10
YES,13
YES,95
NO,43
YES,99
YES,69
YES,97
YES,5
YES,36
YES,35
YES,43
YES,23
YES,69
YES,87
YES,88
YES,48
YES,20
YES,99
YES,90
YES,23
YES,39
YES,90
NO,34
YES,74
YES,80
YES,37
YES,76
YES,41
YES,51
YES,55
YES,66
YES,42
YES,76
YES,31
YES,54
YES,63
YES,38
YES,36
YES,14
YES,98
YES,54
YES,92
YES,38
YES,91
YES,38
YES,32
NO,55
YES,58
YES,64
NO,33
YES,3
YES,23
NO,43
YES,36
NO,7
YES,28
YES,89
NO,73
YES,51
YES,46
YES,59
YES,84
YES,71
YES,29
YES,97
YES,24
YES,86
YES,11
YES,41
NO,81
YES,39
NO,53
YES,55
YES,60
YES,52
YES,6
YES,62
YES,100
YES,68
YES,72
YES,33
YES,94
YES,49
YES,30
YES,27
YES,66
YES,94
NO,93
YES,91
YES,15
YES,31
YES,36
YES,67
YES,76
YES,93
YES,61
YES,80
YES,32
NO,29
YES,9
YES,29
YES,22
YES,88
YES,7
YES,13
YES,57
YES,97
NO,23
YES,26
NO,71
NO,3
YES,80
YES,64
YES,63
YES,27
YES,98
YES,62
NO,94
YES,99
YES,50
NO,60
YES,71
YES,2
YES,14
YES,95
YES,5
NO,2
YES,48
YES,73
YES,23
YES,71
YES,44
YES,7
YES,60
YES,34
YES,94
YES,55
NO,46
YES,46
YES,33
YES,76
NO,52
YES,93
YES,20
YES,14
YES,7
NO,55
YES,74
YES,55
NO,34
YES,30
YES,53
YES,8
YES,89
YES,76
YES,29
YES,81
YES,56
YES,24
YES,24
YES,31
YES,3
YES,79
YES,99
YES,62
YES,66
NO,81
YES,88
YES,39
YES,55
YES,26
YES,85
YES,51
NO,2
YES,2
YES,31
YES,45
YES,73
YES,59
YES,42
YES,50
NO,26
YES,55
YES,22
YES,100
YES,3
YES,81
YES,77
YES,8
YES,65
YES,68
YES,61
YES,70
YES,99
YES,68
YES,76
YES,44
YES,21
YES,34
YES,31
YES,55
YES,34
YES,78
YES,95
YES,2
YES,70
YES,24
YES,68
YES,59
YES,11
YES,8
YES,60
YES,4
NO,93
NO,31
YES,11
YES,77
YES,19
YES,30
YES,71
NO,84
YES,68
YES,76
YES,70
YES,43
NO,21
YES,97
YES,38
YES,51
YES,56
YES,58
NO,40
YES,8
YES,49
YES,51
YES,14
YES,62
YES,5
YES,54
NO,28
YES,43
YES,15
YES,37
YES,28
NO,13
YES,78
YES,63
YES,94
YES,13
YES,84
YES,9
YES,46
YES,61
YES,85
YES,42
YES,95
YES,81
YES,5
YES,26
YES,66
NO,47
YES,71
YES,98
YES,89
YES,33
YES,49
YES,78
YES,91
YES,38
YES,62
YES,25
YES,70
YES,34
YES,3
YES,26
YES,15
YES,96
YES,92
YES,46
YES,34
YES,98
YES,90
YES,49
YES,64
YES,42
YES,3
YES,33
YES,58
YES,23
YES,43
YES,54
YES,19
NO,28
YES,4
YES,72
NO,83
YES,25
YES,39
YES,51
YES,82
YES,52
YES,12
YES,91
YES,85
YES,100
YES,42
YES,64
NO,10
YES,55
YES,59
YES,64
YES,83
YES,74
YES,63
YES,90
NO,97
YES,3
NO,94
YES,60
YES,62
YES,9
NO,51
YES,29
YES,42
YES,72
YES,72
YES,16
YES,34
YES,85
NO,91
YES,73
YES,40
YES,58
YES,16
YES,45
YES,90
YES,45
YES,19
YES,84
YES,94
YES,33
YES,39
YES,69
YES,95
YES,2
YES,97
YES,6
YES,56
YES,18
YES,75
YES,84
NO,35
YES,28
YES,42
YES,29
YES,4
YES,66
YES,100
YES,79
YES,27
YES,48
YES,61
YES,70
YES,92
YES,52
YES,42
NO,35
YES,2
YES,2
YES,40
YES,76
YES,56
YES,50
YES,10
YES,80
YES,50
YES,91
YES,98
YES,14
YES,0
YES,61
YES,83
YES,63
YES,84
YES,7
YES,79
YES,24
YES,5
YES,20
YES,31
YES,68
YES,14
YES,29
YES,77
NO,45
YES,29
YES,16
NO,58
YES,21
YES,29
YES,10
YES,61
YES,40
YES,7
NO,33
NO,35
YES,37
YES,60
YES,60
YES,60
YES,79
YES,83
YES,96
YES,90
NO,31
NO,78
YES,33
YES,16
NO,40
YES,16
YES,44
NO,75
YES,55
YES,19
YES,60
YES,36
YES,87
YES,70
YES,76
YES,30
YES,23
YES,5
YES,26
YES,65
YES,56
YES,8
NO,66
YES,80
YES,92
YES,75
YES,34
YES,42
NO,59
YES,95
YES,16
YES,57
YES,62
YES,71
YES,6
YES,37
YES,90
NO,79
YES,31
NO,31
YES,73
YES,98
YES,67
YES,61
NO,50
YES,25
YES,100
YES,96
YES,30
YES,24
YES,63
YES,77
YES,43
YES,50
YES,73
YES,59
YES,89
YES,50
YES,99
NO,77
YES,13
YES,20
YES,91
NO,90
YES,50
YES,65
YES,57
YES,11
YES,66
NO,76
YES,77
YES,11
YES,48
YES,87
NO,77
YES,17
YES,46
YES,96
YES,83
YES,39
YES,82
YES,78
YES,57
YES,72
YES,44
YES,2
YES,16
YES,71
YES,9
YES,96
YES,100
YES,69
YES,1
YES,56
YES,56
YES,4
YES,98
YES,53
YES,24
YES,37
YES,84
YES,13
YES,63
YES,54
YES,40
YES,93
YES,70
YES,11
YES,54
YES,81
YES,57
YES,11
NO,18
YES,34
YES,78
YES,19
YES,40
YES,4
YES,91
YES,19
YES,44
YES,100
YES,24
YES,25
YES,45
YES,31
YES,73
YES,55
YES,27
YES,79
YES,75
YES,11
YES,91
YES,41
YES,46
YES,51
YES,38
YES,15
YES,83
YES,2
YES,93
YES,37
YES,1
YES,5
YES,88
YES,35
YES,50
YES,45
YES,5
YES,21
YES,62
YES,97
YES,1
NO,80
YES,53
YES,92
YES,55
YES,86
NO,87
YES,61
YES,8
YES,56
YES,79
YES,79
YES,4
YES,0
YES,72
YES,21
YES,84
YES,95
YES,68
YES,97
NO,39
YES,48
YES,95
YES,41
NO,41
NO,31
YES,22
YES,12
YES,42
NO,98
YES,72
YES,32
NO,8
YES,46
YES,69
YES,32
YES,46
YES,31
YES,24
YES,49
YES,42
YES,15
NO,87
YES,21
YES,39
YES,26
YES,14
YES,24
YES,24
YES,74
YES,64
YES,49
NO,21
YES,95
YES,34
YES,76
YES,22
YES,30
YES,41
YES,36
YES,93
YES,7
YES,21
YES,40
YES,31
YES,14
YES,79
YES,81
YES,96
YES,31
NO,0
NO,25
YES,74
YES,92
YES,86
YES,8
YES,73
NO,34
YES,8
YES,75
YES,75
YES,25
YES,4
YES,80
YES,60
YES,4
YES,14
YES,73
YES,63
YES,97
YES,63
YES,68
YES,37
YES,30
YES,73
YES,85
YES,69
YES,46
YES,43
NO,9
YES,100
YES,60
YES,48
YES,14
YES,66
YES,93
YES,19
YES,85
YES,14
YES,42
YES,59
NO,61
NO,48
YES,96
YES,96
YES,92
YES,91
YES,20
YES,15
YES,25
YES,66
YES,85
YES,73
YES,90
YES,32
YES,35
YES,50
YES,96
YES,51
YES,10
YES,68
YES,61
NO,39
YES,13
YES,26
YES,22
YES,48
YES,2
YES,84
YES,67
YES,38
YES,14
YES,46
YES,89
YES,91
YES,11
YES,70
NO,74
YES,17
YES,67
YES,32
YES,83
YES,53
YES,56
YES,49
YES,37
YES,57
NO,80
YES,91
YES,83
YES,84
YES,50
YES,81
YES,69
YES,48
YES,44
NO,88
YES,92
YES,87
NO,84
YES,53
YES,77
YES,25
YES,66
YES,49
YES,37
YES,15
NO,59
NO,12
YES,87
YES,74
YES,10
YES,80
YES,67
YES,98
YES,25
YES,10
YES,65
NO,39
YES,93
YES,83
YES,5
YES,61
YES,50
YES,71
NO,45
YES,12
YES,96
YES,84
YES,73
YES,60
YES,61
YES,89
NO,68
YES,15
YES,100
YES,73
YES,13
YES,39
YES,90
YES,88
YES,83
YES,52
YES,74
YES,89
YES,33
YES,55
YES,4
YES,41
NO,80
NO,95
NO,15
YES,46
YES,53
YES,31
YES,39
YES,10
YES,48
YES,88
YES,2
YES,64
YES,65
YES,58
NO,86
YES,85
YES,25
YES,51
YES,62
YES,4
NO,16
YES,70
YES,21
YES,88
YES,21
YES,73
YES,87
YES,58
YES,58
NO,42
YES,61
YES,64
YES,61
YES,22
YES,98
YES,28
YES,73
NO,29
YES,64
YES,43
NO,31
YES,24
YES,46
YES,72
YES,65
YES,74
YES,74
NO,41
YES,41
YES,49
NO,24
YES,2
YES,8
YES,33
YES,32
YES,35
YES,57
YES,56
YES,57
YES,5
YES,88
YES,54
YES,43
YES,25
YES,96
NO,60
YES,64
NO,89
YES,62
YES,90
YES,47
YES,70
YES,90
YES,86
YES,48
YES,15
YES,61
YES,48
YES,2
YES,88
YES,51
NO,74
YES,21
YES,86
YES,98
YES,86
YES,91
YES,96
YES,87
YES,21
YES,18
NO,85
YES,67
NO,65
NO,94
NO,86
YES,35
YES,23
YES,93
YES,85
YES,51
YES,61
YES,85
YES,36
YES,71
YES,93
YES,32
YES,18
YES,15
YES,4
YES,55
YES,89
NO,49
YES,85
YES,27
YES,100
YES,30
YES,12
YES,94
YES,54
YES,69
YES,92
YES,4
YES,46
YES,94
YES,21
NO,52
YES,96
YES,91
YES,3
YES,6
YES,18
YES,84
YES,55
YES,80
YES,55
NO,47
YES,52
YES,2
YES,29
YES,51
YES,58
NO,95
YES,63
YES,43
YES,53
YES,35
YES,44
YES,25
YES,24
NO,49
YES,75
YES,63
YES,89
YES,86
YES,10
YES,36
YES,77
YES,41
YES,30
NO,56
YES,62
YES,30
YES,47
YES,4
YES,1
YES,30
YES,60
YES,60
YES,5
YES,8
YES,17
YES,83
YES,95
YES,41
YES,71
YES,93
YES,97
YES,64
YES,20
YES,96
YES,16
YES,69
YES,69
YES,90
YES,79
YES,8
YES,85
YES,86
YES,73
NO,50
YES,83
YES,81
YES,1
YES,51
NO,71
YES,10
YES,47
YES,52
YES,42
YES,1
NO,88
YES,14
YES,62
YES,94
YES,39
YES,98
YES,62
YES,30
YES,7
YES,1
NO,83
YES,33
YES,6
YES,76
NO,55
NO,41
YES,90
YES,32
YES,42
YES,45
YES,96
YES,19
YES,41
YES,74
YES,16
YES,60
YES,90
YES,6
YES,32
YES,81
YES,1
YES,56
YES,52
YES,53
YES,78
YES,61
YES,87
NO,60
YES,41
YES,66
YES,17
NO,23
YES,28
YES,23
YES,44
YES,6
YES,99
YES,51
YES,79
YES,14
YES,7
YES,5
YES,76
YES,88
YES,65
YES,0
NO,28
YES,5
YES,39
NO,5
YES,75
NO,78
YES,73
YES,78
YES,11
YES,39
YES,19
YES,7
YES,79
YES,4
YES,7
YES,36
YES,78
YES,99
NO,13
YES,100
YES,44
YES,63
YES,62
YES,99
YES,75
YES,46
YES,95
YES,59
YES,90
YES,86
YES,65
YES,67
YES,3
YES,6
YES,9
YES,28
YES,11
YES,19
YES,9
YES,86
YES,15
YES,85
YES,23
YES,77
YES,75
YES,65
YES,65
YES,58
YES,42
YES,55
YES,54
YES,60
YES,48
YES,32
NO,65
YES,47
YES,83
YES,98
YES,20
YES,43
YES,29
YES,91
YES,21
YES,32
NO,32
YES,58
YES,57
YES,33
NO,93
YES,28
YES,71
YES,14
YES,75
NO,11
YES,56
YES,79
YES,66
YES,14
YES,32
NO,47
YES,50
YES,84
YES,78
YES,87
YES,71
YES,1
YES,75
YES,94
YES,92
YES,62
YES,2
YES,59
YES,55
YES,21
YES,15
YES,64
YES,29
YES,39
YES,52
YES,62
YES,55
YES,66
YES,62
NO,9
YES,94
YES,82
YES,23
NO,21
NO,13
YES,35
YES,33
YES,95
YES,80
YES,23
YES,33
YES,100
YES,17
YES,48
YES,13
YES,6
YES,16
YES,36
YES,46
YES,45
YES,85
YES,97
YES,20
YES,100
YES,10
YES,24
NO,13
NO,41
YES,61
YES,37
YES,58
YES,19
YES,42
YES,19
YES,21
NO,67
YES,25
YES,31
YES,41
YES,48
YES,25
YES,6
NO,100
YES,49
YES,63
YES,79
YES,7
YES,80
YES,28
YES,92
YES,39
YES,92
YES,17
YES,50
YES,93
YES,42
YES,33
YES,40
YES,67
NO,68
YES,45
YES,8
YES,2
YES,34
YES,15
YES,5
YES,87
YES,84
YES,24
YES,73
YES,11
YES,73
YES,33
YES,42
YES,63
YES,0
YES,60
YES,1
YES,50
YES,7
YES,14
YES,25
YES,72
YES,18
YES,32
NO,54
YES,24
YES,80
YES,83
YES,32
YES,40
YES,54
YES,0
YES,75
YES,41
YES,79
YES,36
YES,15
YES,78
YES,56
YES,74
YES,48
YES,38
YES,73
NO,62
YES,43
YES,48
YES,47
YES,55
YES,51
YES,48
YES,52
YES,49
YES,2
YES,26
YES,100
YES,66
NO,67
YES,15
YES,22
YES,97
YES,88
YES,43
NO,80
YES,82
YES,4
YES,100
YES,12
YES,55
YES,39
YES,30
YES,9
NO,23
YES,11
YES,85
YES,32
YES,47
YES,15
NO,10
NO,31
YES,49
YES,62
YES,44
YES,77
YES,54
YES,75
YES,70
YES,55
YES,52
YES,19
YES,63
NO,20
YES,12
YES,67
YES,73
YES,27
YES,46
YES,45
YES,6
YES,25
YES,22
YES,55
YES,94
YES,35
YES,93
YES,86
NO,37
YES,78
YES,13
YES,77
YES,7
YES,54
YES,77
YES,35
YES,84
YES,4
YES,19
YES,80
YES,2
YES,34
YES,59
YES,48
YES,71
YES,76
YES,61
YES,10
YES,29
YES,41
YES,2
YES,93
YES,97
YES,13
YES,17
YES,92
YES,95
YES,81
NO,70
YES,57
NO,88
YES,92
YES,32
NO,96
YES,42
YES,35
YES,48
YES,65
YES,99
YES,21
YES,54
YES,26
YES,66
YES,33
YES,51
YES,32
YES,64
YES,81
YES,20
YES,29
NO,29
YES,71
YES,90
YES,49
YES,62
YES,59
NO,2
YES,52
YES,30
YES,78
YES,83
YES,13
YES,91
YES,31
YES,3
YES,84
YES,7
YES,65
YES,33
YES,16
YES,8
NO,81
YES,98
YES,96
YES,69
YES,72
YES,22
YES,25
NO,27
NO,33
YES,95
YES,44
YES,85
YES,33
NO,34
YES,41
NO,100
NO,2
YES,93
YES,13
NO,66
YES,40
YES,88
YES,42
YES,90
YES,50
YES,29
YES,80
YES,69
YES,85
YES,68
YES,79
YES,71
YES,60
YES,63
YES,98
NO,31
YES,9
YES,35
YES,46
NO,49
NO,3
YES,69
YES,99
YES,2
NO,3
NO,15
YES,76
YES,6
YES,83
YES,49
NO,96
YES,5
YES,15
YES,0
YES,59
YES,32
YES,35
YES,55
YES,27
YES,79
YES,42
YES,88
YES,81
YES,89
YES,31
YES,9
YES,44
YES,64
YES,20
YES,97
YES,99
YES,29
NO,18
YES,65
YES,1
YES,66
YES,42
YES,52
YES,66
YES,63
YES,37
YES,74
YES,69
YES,87
YES,98
YES,55
YES,47
YES,87
YES,39
YES,93
YES,95
YES,27
YES,59
YES,96
YES,11
YES,88
YES,53
YES,52
YES,96
YES,33
YES,13
YES,51
YES,45
YES,51
YES,43
YES,56
YES,64
YES,72
YES,97
YES,100
YES,37
YES,97
YES,70
YES,65
NO,10
YES,99
YES,33
NO,80
YES,8
YES,54
YES,93
YES,19
YES,81
YES,0
YES,98
YES,39
YES,20
YES,95
NO,67
YES,13
YES,35
YES,25
NO,99
YES,34
YES,67
YES,40
YES,57
YES,74
YES,84
YES,59
YES,12
YES,46
YES,40
YES,59
YES,13
YES,3
YES,45
NO,70
YES,57
YES,6
YES,29
YES,24
YES,5
YES,37
YES,10
YES,56
NO,98
YES,57
YES,57
YES,65
YES,0
YES,92
YES,94
YES,30
YES,74
YES,49
YES,57
YES,91
YES,98
YES,89
YES,56
YES,16
YES,80
NO,58
YES,21
YES,73
NO,92
YES,42
YES,50
YES,55
YES,8
YES,89
YES,91
YES,4
YES,80
NO,18
YES,78
YES,88
YES,47
YES,84
YES,88
YES,24
YES,25
YES,98
YES,46
YES,9
YES,49
YES,38
NO,65
YES,13
YES,55
YES,66
YES,53
YES,79
YES,48
YES,45
YES,49
YES,100
YES,76
YES,82
YES,89
YES,12
NO,73
YES,19
YES,56
YES,84
YES,48
YES,100
YES,53
YES,97
YES,13
YES,63
NO,12
YES,57
YES,25
YES,31
YES,82
YES,71
YES,82
YES,32
YES,63
YES,85
YES,100
YES,58
YES,66
YES,59
YES,57
YES,43
YES,88
YES,94
YES,42
YES,6
YES,93
YES,62
YES,99
YES,24
NO,58
NO,85
YES,96
YES,82
YES,30
YES,31
YES,31
YES,62
YES,11
YES,9
YES,99
YES,75
YES,78
YES,2
YES,71
YES,79
YES,90
YES,12
YES,90
YES,100
YES,100
YES,80
YES,43
YES,53
NO,30
YES,56
NO,63
YES,1
YES,3
YES,21
YES,22
NO,88
YES,26
YES,90
NO,49
YES,31
YES,25
YES,55
YES,45
YES,19
YES,82
YES,62
NO,6
YES,85
YES,14
YES,64
YES,37
YES,23
YES,50
NO,31
YES,37
YES,87
YES,56
YES,24
YES,56
YES,27
NO,53
YES,44
NO,0
YES,23
YES,63
YES,47
YES,71
YES,55
YES,37
YES,56
YES,35
YES,96
YES,67
YES,53
YES,37
NO,48
YES,95
YES,82
NO,4
YES,32
YES,35
YES,36
YES,39
NO,11
YES,4
YES,30
YES,28
YES,59
YES,86
NO,7
NO,18
YES,33
YES,30
YES,22
YES,83
YES,6
YES,77
YES,88
YES,69
YES,23
YES,5
YES,62
YES,7
YES,90
YES,95
YES,64
NO,7
YES,92
YES,85
YES,20
YES,78
YES,53
YES,30
NO,51
YES,21
YES,27
YES,70
YES,67
YES,59
YES,44
YES,25
YES,77
YES,45
YES,79
YES,49
YES,29
YES,20
YES,25
YES,86
YES,14
YES,14
YES,17
YES,81
YES,24
NO,43
NO,75
YES,36
YES,78
YES,69
YES,22
YES,3
YES,44
NO,48
YES,97
YES,22
YES,64
YES,6
YES,18
YES,96
YES,24
YES,49
NO,60
YES,70
YES,20
NO,84
YES,87
NO,100
YES,27
YES,98
YES,31
YES,65
YES,30
YES,5
YES,1
YES,6
YES,66
YES,55
YES,8
YES,47
YES,66
YES,1
YES,88
YES,34
YES,32
YES,64
NO,90
YES,90
YES,87
YES,59
YES,95
YES,69
YES,17
YES,20
YES,65
YES,19
YES,8
YES,40
YES,36
YES,3
YES,61
YES,68
YES,99
YES,34
YES,50
YES,16
NO,37
YES,48
YES,40
YES,46
YES,37
NO,18
YES,86
YES,35
YES,40
YES,8
YES,3
YES,43
YES,64
YES,73
YES,77
YES,31
YES,49
YES,96
YES,99
YES,37
YES,43
YES,26
YES,97
NO,21
YES,51
YES,47
YES,90
YES,35
YES,36
YES,57
YES,52
YES,48
YES,0
YES,33
YES,29
YES,0
YES,45
YES,94
YES,22
YES,43
YES,80
YES,88
YES,0
YES,5
YES,84
YES,3
YES,55
YES,40
YES,42
YES,63
YES,91
YES,94
YES,22
YES,10
YES,4
YES,60
YES,65
YES,64
YES,48
YES,93
YES,20
YES,35
YES,53
YES,70
YES,32
YES,42
YES,57
YES,87
YES,100
NO,97
YES,32
YES,80
YES,65
YES,48
YES,49
YES,42
YES,13
YES,8
YES,21
YES,10
YES,57
YES,93
YES,63
YES,29
YES,25
YES,38
YES,100
YES,93
YES,3
YES,25
YES,5
YES,65
NO,86
YES,2
YES,63
YES,69
YES,8
YES,76
YES,7
YES,44
YES,15
YES,67
NO,21
YES,33
YES,10
YES,25
YES,25
YES,24
YES,81
YES,75
YES,46
YES,19
YES,61
YES,96
YES,61
YES,5
NO,23
YES,84
YES,24
YES,50
YES,50
YES,35
YES,39
NO,83
YES,39
YES,13
YES,7
YES,42
YES,0
YES,17
YES,39
YES,67
YES,30
YES,59
YES,56
YES,2
YES,45
YES,33
NO,60
YES,65
YES,85
YES,91
YES,42
YES,86
YES,25
YES,84
YES,79
YES,56
NO,8
NO,28
YES,8
YES,18
YES,35
YES,20
YES,10
NO,2
YES,38
YES,5
YES,31
YES,61
YES,57
YES,2
YES,53
YES,57
YES,89
YES,81
YES,99
YES,63
YES,10
YES,45
YES,16
YES,98
YES,14
YES,55
YES,30
YES,60
YES,53
YES,49
YES,100
YES,89
YES,100
YES,14
YES,7
YES,11
YES,85
YES,53
YES,13
YES,30
YES,100
YES,33
YES,63
YES,92
YES,68
YES,89
YES,11
YES,28
YES,6
YES,32
YES,91
NO,50
YES,37
YES,73
YES,67
YES,16
YES,47
YES,62
YES,96
YES,63
YES,8
YES,2
YES,69
YES,69
YES,18
YES,45
YES,57
NO,98
YES,54
YES,45
YES,79
YES,96
YES,14
YES,52
YES,15
YES,39
YES,66
YES,86
YES,46
YES,5
YES,92
YES,15
YES,88
YES,49
YES,31
NO,35
YES,76
NO,92
YES,63
NO,55
YES,95
YES,22
YES,78
YES,85
YES,57
YES,19
YES,78
YES,94
YES,78
YES,26
NO,44
NO,70
NO,75
NO,95
YES,62
YES,85
YES,59
YES,56
YES,74
YES,33
YES,66
YES,34
YES,43
YES,68
YES,69
YES,89
YES,60
YES,32
YES,56
YES,51
YES,6
YES,38
YES,82
YES,93
YES,20
YES,93
YES,54
YES,85
YES,35
YES,95
YES,44
YES,27
YES,10
YES,93
YES,24
YES,91
YES,59
YES,34
YES,46
YES,31
YES,48
NO,97
YES,29
YES,93
YES,42
YES,30
YES,22
YES,33
YES,61
YES,19
YES,52
YES,9
YES,49
YES,65
NO,37
YES,9
YES,100
YES,18
YES,60
YES,94
YES,91
YES,36
YES,35
YES,79
YES,86
YES,96
YES,91
YES,98
NO,49
NO,76
NO,73
YES,58
YES,17
YES,6
YES,36
YES,47
YES,61
YES,95
YES,77
NO,57
YES,10
YES,10
YES,89
YES,9
YES,92
YES,27
YES,42
NO,42
YES,3
YES,28
YES,94
YES,86
YES,92
YES,45
YES,43
YES,95
YES,42
YES,35
YES,78
YES,11
YES,3
YES,100
NO,6
YES,78
YES,51
YES,51
NO,4
YES,37
NO,9
NO,87
YES,40
YES,91
YES,83
YES,46
YES,51
YES,12
NO,39
YES,45
YES,12
YES,35
YES,70
YES,34
YES,45
NO,25
YES,62
YES,59
YES,26
YES,13
YES,12
YES,53
YES,65
YES,99
YES,57
YES,60
YES,24
YES,70
NO,69
YES,82
YES,44
YES,27
YES,62
YES,86
YES,100
NO,54
YES,100
YES,81
YES,54
NO,29
YES,95
YES,27
NO,74
YES,78
YES,11
YES,75
NO,49
YES,83
YES,87
YES,49
YES,26
YES,16
YES,100
YES,10
YES,26
YES,46
YES,72
YES,83
YES,58
YES,4
YES,70
YES,21
NO,32
YES,75
YES,70
YES,52
YES,10
YES,7
YES,33
YES,32
YES,53
YES,79
YES,60
NO,23
YES,32
NO,18
YES,21
YES,61
YES,96
YES,34
YES,19
NO,7
YES,8
YES,99
YES,35
YES,87
YES,71
YES,91
YES,8
YES,77
YES,78
YES,12
YES,24
YES,42
YES,95
NO,44
YES,86
YES,20
YES,16
YES,76
YES,58
YES,100
YES,77
YES,34
YES,6
YES,95
YES,2
YES,49
YES,74
YES,86
YES,52
YES,55
YES,57
YES,67
YES,18
YES,41
YES,81
YES,25
YES,100
YES,81
YES,90
YES,73
YES,86
YES,51
YES,10
YES,69
YES,77
NO,91
NO,5
YES,5
YES,49
YES,82
YES,9
YES,42
YES,90
YES,8
YES,4
YES,85
NO,52
YES,85
YES,41
YES,57
YES,90
YES,87
NO,24
YES,50
YES,14
YES,82
YES,54
YES,1
YES,48
YES,5
YES,12
YES,72
YES,95
YES,94
YES,47
YES,30
YES,58
YES,11
YES,52
YES,68
YES,32
YES,84
YES,5
YES,21
NO,67
YES,43
YES,50
YES,87
YES,4
YES,64
YES,20
NO,26
YES,8
YES,23
YES,44
YES,51
YES,46
YES,28
YES,75
YES,37
YES,46
YES,92
YES,13
YES,57
YES,16
YES,76
YES,49
YES,8
YES,96
NO,28
YES,68
NO,59
YES,69
YES,74
YES,46
YES,87
YES,5
YES,5
NO,20
YES,61
YES,50
YES,53
YES,4
YES,5
YES,40
YES,38
YES,23
YES,85
YES,100
YES,90
YES,36
YES,65
YES,21
YES,54
YES,19
YES,5
YES,44
YES,67
YES,74
YES,99
YES,72
YES,2
YES,55
NO,94
YES,59
YES,80
YES,45
YES,42
YES,60
YES,38
YES,45
YES,48
YES,99
YES,55
YES,31
YES,71
YES,83
YES,21
YES,77
YES,3
YES,58
YES,14
YES,45
YES,51
YES,24
YES,74
YES,79
YES,59
YES,2
YES,9
YES,97
YES,5
YES,57
YES,92
NO,22
YES,14
YES,27
YES,89
NO,76
YES,47
YES,17
YES,44
NO,64
YES,40
YES,45
YES,8
YES,70
YES,75
YES,32
YES,90
YES,76
YES,20
YES,90
YES,45
YES,37
YES,48
YES,61
YES,79
YES,38
YES,66
YES,94
YES,22
YES,31
YES,27
YES,11
YES,17
NO,59
YES,42
YES,75
YES,90
YES,36
YES,38
YES,28
YES,76
YES,92
YES,22
YES,68
YES,9
YES,61
YES,85
YES,43
YES,68
YES,74
YES,91
YES,53
YES,64
NO,46
NO,83
YES,60
YES,39
YES,54
YES,95
YES,8
YES,38
YES,84
YES,50
YES,2
YES,39
YES,81
YES,57
NO,62
YES,22
YES,68
YES,9
YES,34
YES,77
YES,56
YES,84
YES,44
YES,72
YES,11
YES,79
YES,81
YES,87
YES,59
YES,87
YES,66
YES,24
YES,11
YES,13
YES,11
YES,72
YES,46
YES,87
YES,41
YES,80
YES,71
YES,2
NO,17
YES,86
YES,58
YES,1
YES,54
YES,46
YES,84
YES,84
YES,37
YES,12
YES,27
YES,92
YES,26
YES,31
YES,31
YES,42
YES,15
YES,18
YES,83
YES,37
YES,26
YES,96
YES,68
YES,57
YES,11
YES,43
YES,100
YES,68
YES,95
YES,91
YES,70
YES,36
YES,60
YES,96
YES,77
NO,63
YES,3
YES,98
YES,71
YES,18
YES,21
YES,38
YES,18
YES,66
YES,36
YES,95
NO,95
YES,23
YES,56
YES,24
YES,93
YES,48
NO,87
YES,80
YES,28
YES,97
YES,44
YES,56
YES,15
YES,14
YES,96
YES,13
YES,34
YES,93
YES,23
YES,21
YES,5
YES,89
YES,54
YES,69
YES,85
YES,25
YES,86
YES,97
YES,32
YES,11
YES,23
YES,8
YES,94
YES,28
YES,55
YES,80
NO,6
YES,80
YES,88
YES,39
YES,32
NO,84
YES,12
YES,77
YES,74
YES,97
YES,7
YES,46
YES,25
YES,27
YES,46
YES,16
YES,8
YES,39
YES,65
NO,92
YES,12
YES,54
YES,16
YES,18
YES,70
YES,75
YES,70
YES,17
YES,64
YES,8
YES,70
YES,60
YES,23
YES,9
NO,31
YES,73
YES,36
YES,40
YES,81
YES,89
YES,4
YES,9
YES,37
YES,79
YES,3
YES,79
YES,27
YES,6
YES,53
YES,50
NO,79
YES,96
YES,21
YES,88
YES,26
YES,40
YES,17
YES,57
YES,89
YES,44
YES,81
NO,93
YES,31
YES,80
YES,17
YES,86
YES,93
YES,79
YES,59
YES,41
YES,2
YES,81
YES,82
YES,56
YES,75
YES,83
YES,0
YES,57
YES,82
YES,84
YES,16
YES,62
YES,42
NO,89
YES,67
YES,6
YES,68
YES,81
YES,79
NO,92
YES,87
YES,22
YES,27
YES,41
YES,72
YES,33
YES,66
YES,18
YES,52
YES,100
YES,89
YES,32
YES,7
YES,13
YES,77
YES,28
YES,37
YES,68
YES,82
YES,12
YES,31
YES,99
YES,52
YES,45
YES,62
YES,54
YES,86
YES,10
YES,8
YES,64
YES,89
YES,65
YES,50
YES,93
YES,10
YES,40
YES,92
YES,3
YES,11
YES,98
YES,8
YES,47
YES,81
YES,27
YES,72
YES,86
YES,61
YES,71
YES,67
YES,57
YES,35
YES,1
YES,26
NO,7
YES,85
YES,25
YES,73
YES,26
NO,96
YES,92
YES,92
YES,38
YES,79
YES,81
YES,57
YES,23
YES,70
YES,19
NO,1
YES,93
YES,59
YES,78
YES,79
YES,14
YES,29
YES,42
YES,91
YES,36
YES,58
NO,19
YES,81
YES,46
YES,68
YES,48
YES,65
YES,42
YES,48
YES,41
YES,89
YES,82
YES,16
YES,78
YES,64
YES,73
YES,79
YES,97
YES,55
YES,85
YES,60
YES,92
YES,86
YES,55
YES,14
YES,98
NO,19
YES,83
YES,46
YES,4
YES,73
YES,51
YES,100
YES,13
YES,97
YES,99
YES,24
YES,4
YES,88
YES,34
YES,67
YES,53
YES,6
YES,66
YES,43
YES,77
YES,0
NO,91
YES,39
YES,56
YES,11
YES,58
YES,63
YES,73
YES,69
YES,13
YES,57
YES,19
YES,68
YES,33
YES,92
YES,94
YES,59
YES,57
YES,65
YES,96
YES,37
YES,78
YES,93
YES,2
YES,96
YES,78
YES,41
NO,55
YES,18
YES,35
YES,51
YES,12
YES,99
YES,42
YES,25
YES,37
YES,28
YES,28
YES,23
YES,52
YES,69
NO,22
YES,61
YES,63
YES,95
YES,29
YES,32
YES,93
YES,84
YES,63
NO,10
YES,6
YES,51
YES,23
YES,29
YES,55
YES,66
NO,11
YES,85
YES,10
YES,77
YES,18
YES,45
YES,84
YES,77
YES,79
YES,56
YES,100
YES,69
YES,98
YES,66
YES,99
YES,66
YES,71
YES,55
YES,56
YES,92
NO,93
YES,41
YES,77
YES,51
YES,25
YES,63
YES,4
YES,81
NO,54
YES,42
YES,56
YES,58
YES,76
YES,59
YES,28
YES,33
NO,13
YES,37
YES,5
YES,19
YES,40
YES,94
YES,33
YES,64
YES,32
NO,47
YES,43
YES,30
YES,44
YES,43
YES,75
YES,66
NO,45
YES,88
YES,71
YES,47
NO,90
YES,30
YES,97
YES,46
YES,81
YES,88
YES,86
YES,49
YES,2
YES,45
YES,2
YES,5
YES,94
YES,65
YES,28
YES,58
YES,26
YES,32
YES,1
YES,13
YES,8
YES,48
YES,0
YES,56
YES,98
YES,83
YES,97
NO,88
YES,84
YES,35
YES,92
YES,13
YES,14
YES,30
YES,54
YES,36
YES,19
YES,32
YES,14
YES,18
YES,59
YES,59
YES,96
YES,34
YES,29
YES,21
YES,74
YES,26
YES,14
YES,52
YES,16
YES,1
YES,87
YES,15
YES,97
YES,95
YES,67
YES,44
YES,88
YES,25
YES,73
YES,24
YES,85
YES,24
YES,3
YES,20
YES,96
YES,12
YES,92
YES,61
YES,45
YES,18
YES,33
YES,86
YES,16
YES,36
YES,31
YES,96
YES,87
YES,7
YES,20
YES,81
YES,47
YES,54
YES,52
YES,67
YES,52
YES,71
YES,68
YES,33
YES,93
YES,43
YES,62
YES,18
YES,98
YES,69
YES,92
YES,56
YES,76
YES,95
YES,52
YES,74
NO,86
NO,94
YES,41
YES,75
YES,11
YES,16
YES,37
YES,94
YES,27
YES,31
YES,81
NO,89
YES,97
YES,79
YES,52
YES,41
YES,85
YES,88
YES,33
YES,42
YES,63
YES,22
YES,27
YES,85
YES,1
YES,74
YES,77
YES,26
YES,0
YES,95
YES,46
YES,2
YES,34
YES,47
YES,57
YES,75
YES,96
YES,95
YES,55
YES,5
YES,92
YES,96
YES,78
YES,8
YES,38
YES,66
YES,16
YES,10
YES,78
NO,68
YES,100
YES,0
YES,40
YES,39
YES,36
YES,77
YES,39
YES,9
YES,84
YES,33
YES,20
YES,23
YES,65
YES,30
YES,50
NO,23
YES,30
YES,62
NO,10
YES,20
NO,72
YES,8
YES,86
NO,17
YES,26
YES,44
YES,24
YES,36
YES,52
YES,32
NO,30
NO,93
YES,23
YES,3
YES,27
YES,60
YES,35
NO,42
YES,87
YES,100
YES,19
YES,42
YES,75
YES,43
YES,43
YES,14
YES,97
YES,69
YES,98
YES,79
YES,23
YES,82
YES,96
YES,42
YES,90
YES,0
YES,91
YES,52
YES,64
YES,97
YES,93
YES,5
YES,54
YES,77
YES,12
YES,93
YES,70
YES,93
NO,89
YES,92
YES,54
YES,60
YES,97
YES,12
YES,52
YES,59
YES,59
NO,16
YES,18
YES,39
NO,50
YES,17
YES,10
YES,65
YES,53
NO,20
YES,34
YES,68
YES,56
YES,93
YES,46
YES,0
YES,60
YES,70
NO,60
YES,61
YES,53
YES,29
YES,84
YES,57
NO,0
YES,88
YES,16
YES,29
NO,24
YES,41
YES,92
YES,89
NO,1
YES,0
YES,53
YES,98
YES,89
YES,71
YES,6
YES,42
YES,79
YES,5
YES,77
YES,26
YES,27
YES,39
YES,67
YES,21
NO,1
YES,61
YES,54
YES,71
YES,75
YES,1
YES,17
YES,10
YES,98
YES,83
YES,21
YES,66
YES,49
YES,93
YES,20
YES,72
YES,53
YES,69
YES,72
YES,15
YES,32
YES,68
YES,28
YES,81
YES,85
YES,44
NO,66
YES,72
NO,21
YES,52
YES,48
YES,99
YES,5
NO,83
YES,54
YES,84
YES,68
YES,53
YES,99
YES,35
YES,40
YES,77
NO,90
YES,16
NO,56
YES,93
YES,70
YES,42
YES,53
YES,77
YES,25
YES,48
YES,19
YES,99
YES,99
YES,56
YES,95
NO,84
YES,14
YES,91
YES,46
YES,39
YES,95
YES,12
YES,5
YES,68
YES,98
YES,13
YES,6
YES,3
YES,67
YES,61
YES,57
YES,7
YES,16
YES,91
YES,10
YES,70
YES,6
YES,29
YES,91
YES,63
YES,16
YES,34
YES,42
YES,95
YES,95
NO,0
YES,56
YES,91
YES,99
YES,22
YES,32
YES,93
YES,58
YES,46
YES,73
YES,77
YES,91
YES,57
YES,84
YES,14
YES,49
YES,73
YES,26
YES,50
YES,15
YES,59
YES,76
YES,69
YES,61
YES,33
YES,52
YES,54
NO,23
YES,88
YES,38
NO,14
YES,11
YES,38
YES,31
YES,4
YES,32
NO,70
YES,19
YES,51
YES,67
YES,11
YES,20
YES,64
YES,50
YES,25
YES,44
YES,6
YES,45
YES,48
YES,29
NO,91
YES,78
YES,68
YES,65
YES,82
YES,35
YES,100
YES,48
YES,98
YES,72
NO,45
YES,26
NO,15
YES,34
YES,88
NO,30
YES,91
YES,43
YES,13
YES,31
YES,64
YES,88
YES,41
YES,36
YES,52
YES,67
YES,94
YES,52
YES,79
YES,83
YES,79
YES,92
YES,72
YES,30
YES,59
YES,78
YES,42
YES,27
YES,21
YES,8
NO,55
YES,31
NO,52
YES,7
YES,7
YES,100
YES,48
YES,13
NO,74
YES,90
YES,75
YES,9
YES,27
YES,25
YES,77
YES,9
YES,7
YES,8
YES,44
YES,39
YES,98
NO,50
YES,28
YES,27
YES,7
YES,78
YES,67
NO,28
YES,1
YES,75
YES,64
YES,50
NO,100
YES,33
YES,31
YES,49
YES,80
YES,11
YES,11
YES,30
YES,93
YES,64
NO,50
NO,67
YES,33
YES,95
YES,95
YES,81
YES,96
YES,25
YES,52
YES,87
YES,24
YES,19
YES,61
YES,57
YES,98
YES,29
YES,13
YES,18
YES,43
YES,63
YES,95
YES,6
YES,93
YES,74
YES,13
YES,28
YES,22
YES,86
YES,16
YES,53
YES,34
YES,63
YES,44
YES,79
YES,37
YES,97
YES,8
YES,44
YES,37
YES,74
YES,17
YES,62
YES,19
YES,95
YES,100
YES,57
YES,21
YES,30
YES,56
YES,88
YES,54
YES,48
YES,26
NO,58
YES,73
YES,15
YES,86
YES,36
YES,14
YES,14
YES,19
YES,37
NO,98
YES,51
YES,38
YES,32
YES,21
YES,6
YES,34
YES,9
YES,88
YES,94
NO,87
NO,1
NO,0
YES,43
NO,38
NO,57
YES,56
YES,82
YES,92
YES,20
YES,41
YES,46
YES,54
YES,73
YES,84
YES,93
YES,93
YES,40
YES,23
NO,32
YES,84
YES,39
YES,74
NO,80
YES,36
YES,4
YES,42
YES,62
YES,9
YES,57
YES,76
YES,1
YES,24
YES,72
YES,45
YES,10
YES,39
YES,30
YES,25
YES,5
YES,29
YES,7
YES,29
YES,8
YES,4
YES,80
NO,50
YES,87
YES,37
YES,1
YES,74
YES,16
YES,19
YES,76
YES,0
YES,19
YES,22
YES,55
YES,55
YES,57
YES,34
YES,60
YES,35
YES,45
YES,86
YES,87
YES,98
YES,95
YES,14
YES,63
YES,35
NO,70
NO,10
YES,28
YES,64
YES,79
YES,95
YES,66
YES,41
YES,78
NO,16
YES,36
YES,69
YES,72
YES,100
YES,36
YES,28
YES,80
YES,2
YES,73
YES,67
YES,96
YES,68
YES,88
YES,24
NO,91
YES,54
YES,53
NO,48
YES,46
YES,88
YES,77
YES,53
YES,23
NO,19
YES,18
YES,46
YES,27
YES,87
YES,64
YES,87
YES,54
NO,30
YES,71
YES,67
YES,93
YES,5
YES,94
YES,33
YES,61
YES,28
NO,74
NO,24
YES,88
YES,38
YES,34
YES,14
YES,47
YES,94
YES,51
NO,12
YES,50
YES,50
YES,56
YES,33
YES,27
YES,28
YES,19
NO,56
YES,66
YES,88
YES,54
YES,36
YES,5
YES,41
YES,49
YES,8
YES,30
YES,68
YES,86
YES,51
YES,99
YES,19
YES,91
YES,8
YES,84
YES,75
YES,38
YES,61
YES,14
YES,19
YES,26
YES,53
YES,85
YES,38
YES,10
YES,54
YES,63
YES,15
YES,70
YES,94
YES,26
YES,66
YES,44
YES,56
NO,15
YES,94
YES,64
YES,37
YES,66
YES,59
YES,81
YES,43
YES,68
YES,37
YES,78
YES,36
NO,38
YES,96
YES,98
YES,74
YES,30
YES,82
YES,22
YES,20
YES,49
YES,30
YES,7
YES,45
YES,77
YES,41
YES,100
YES,44
YES,9
YES,76
YES,19
YES,45
YES,60
YES,67
YES,78
YES,19
YES,87
YES,84
YES,85
YES,58
YES,35
YES,90
YES,13
YES,55
YES,69
YES,37
YES,39
NO,70
YES,72
NO,18
YES,99
YES,92
YES,57
YES,91
YES,16
YES,97
YES,27
YES,59
YES,40
NO,31
YES,35
YES,85
YES,44
YES,56
YES,61
YES,52
YES,52
NO,11
YES,17
YES,27
YES,55
YES,11
YES,16
NO,2
YES,45
YES,35
YES,29
YES,35
YES,80
YES,75
YES,89
YES,83
YES,15
YES,39
YES,91
YES,21
YES,7
NO,12
NO,86
YES,58
YES,82
YES,91
YES,76
NO,57
YES,31
YES,9
YES,38
YES,12
YES,29
YES,78
YES,9
YES,46
YES,11
YES,12
YES,78
YES,85
YES,37
NO,69
YES,85
YES,26
YES,81
YES,60
YES,12
NO,29
YES,45
YES,50
YES,32
YES,24
YES,36
YES,4
YES,18
YES,22
YES,35
YES,35
YES,36
YES,41
YES,49
YES,86
YES,3
YES,64
YES,57
YES,73
YES,96
YES,19
YES,97
YES,69
NO,86
YES,32
YES,70
YES,10
YES,34
YES,50
YES,75
YES,63
NO,21
NO,60
YES,1
YES,85
YES,67
YES,13
YES,81
YES,93
YES,85
YES,42
YES,28
YES,15
YES,17
YES,35
YES,53
YES,95
YES,35
YES,47
YES,50
YES,61
YES,81
YES,92
YES,5
YES,43
YES,1
YES,77
YES,35
NO,68
NO,92
YES,18
YES,88
YES,56
YES,59
YES,85
YES,80
YES,76
YES,66
YES,60
YES,20
YES,48
YES,5
YES,24
NO,50
YES,57
YES,16
YES,33
YES,50
YES,91
YES,33
YES,85
YES,50
YES,20
YES,75
YES,40
YES,51
NO,78
YES,92
YES,61
YES,27
YES,74
YES,85
YES,17
YES,63
YES,38
YES,86
YES,94
NO,21
YES,49
YES,0
YES,48
YES,42
NO,26
YES,76
YES,94
YES,100
NO,62
YES,20
YES,89
YES,63
YES,62
YES,33
YES,96
YES,66
NO,84
YES,2
YES,68
YES,39
YES,39
YES,14
YES,5
NO,36
YES,58
YES,45
YES,63
YES,28
YES,77
YES,13
YES,51
YES,50
YES,62
NO,58
YES,91
NO,95
YES,71
YES,68
YES,32
YES,85
YES,5
YES,14
YES,54
YES,34
YES,56
NO,11
YES,22
YES,42
YES,100
NO,63
YES,77
YES,98
YES,16
YES,48
YES,47
YES,81
YES,36
YES,48
YES,80
YES,17
YES,100
NO,57
NO,62
YES,39
YES,10
YES,81
YES,27
YES,99
YES,28
NO,17
YES,80
YES,41
YES,85
YES,53
YES,55
YES,88
NO,80
YES,29
NO,64
YES,46
YES,70
YES,50
NO,66
YES,40
YES,28
YES,92
YES,76
YES,57
YES,73
YES,14
YES,50
YES,84
YES,52
NO,49
YES,60
YES,28
YES,24
YES,48
YES,59
YES,87
YES,47
YES,44
YES,53
YES,69
YES,80
YES,23
YES,56
YES,26
YES,71
YES,56
NO,67
YES,74
YES,29
YES,56
YES,32
YES,47
YES,13
YES,10
YES,32
YES,58
YES,87
YES,67
YES,27
YES,34
YES,19
YES,74
YES,81
YES,81
YES,24
YES,79
YES,28
YES,57
YES,87
YES,33
YES,86
YES,38
YES,52
YES,79
YES,30
YES,84
YES,21
YES,43
YES,36
YES,72
YES,63
YES,48
YES,36
YES,34
YES,96
YES,14
YES,92
YES,36
YES,84
YES,97
NO,35
YES,78
YES,30
YES,31
YES,54
YES,3
YES,22
NO,17
YES,88
YES,55
YES,90
NO,37
NO,23
YES,88
YES,1
YES,73
YES,77
YES,28
YES,47
YES,59
YES,62
YES,48
NO,7
YES,30
YES,90
YES,94
YES,79
YES,78
YES,60
YES,69
NO,38
YES,44
YES,4
YES,96
YES,77
YES,76
YES,40
YES,53
NO,6
YES,85
YES,70
YES,50
YES,87
YES,84
YES,64
YES,0
YES,16
YES,91
YES,95
YES,11
YES,33
YES,89
YES,65
YES,47
YES,6
YES,60
YES,57
YES,89
YES,52
YES,33
YES,89
YES,34
YES,54
YES,66
YES,45
YES,38
YES,11
YES,26
YES,95
YES,64
YES,53
YES,14
YES,69
YES,63
YES,18
YES,45
YES,34
YES,64
YES,55
YES,39
YES,91
YES,62
YES,31
YES,45
YES,85
YES,45
YES,36
YES,62
NO,77
YES,52
NO,18
YES,6
YES,85
YES,51
YES,1
YES,58
YES,22
YES,71
YES,14
YES,84
YES,57
YES,31
YES,33
YES,74
YES,4
YES,4
YES,97
YES,43
YES,69
YES,43
YES,7
YES,36
YES,92
YES,65
NO,70
NO,45
YES,86
YES,100
YES,73
YES,73
YES,56
YES,48
YES,11
YES,14
YES,71
YES,17
YES,97
YES,73
YES,32
YES,23
YES,16
YES,61
YES,13
YES,70
YES,81
YES,5
YES,23
YES,2
YES,25
YES,2
YES,99
YES,61
YES,72
YES,60
YES,99
YES,51
YES,58
YES,49
YES,31
YES,20
YES,99
YES,63
YES,1
YES,61
YES,26
YES,89
NO,99
YES,88
YES,31
NO,63
YES,23
YES,98
YES,94
YES,73
YES,20
YES,97
YES,44
YES,83
YES,45
YES,60
YES,32
NO,79
YES,17
YES,72
NO,68
YES,24
YES,62
YES,52
YES,72
YES,96
YES,95
YES,94
YES,59
YES,37
NO,72
YES,18
YES,61
YES,56
YES,93
YES,89
YES,46
YES,68
YES,2
NO,66
YES,27
NO,57
YES,11
YES,28
YES,19
NO,28
YES,43
YES,9
YES,45
YES,63
YES,23
YES,62
YES,58
YES,57
YES,28
YES,68
YES,86
YES,100
YES,27
YES,7
YES,79
YES,83
YES,47
YES,94
YES,6
YES,69
NO,69
YES,7
YES,23
YES,85
YES,44
YES,87
YES,28
YES,41
YES,7
YES,18
YES,49
YES,95
YES,84
YES,13
YES,79
YES,51
YES,36
YES,30
YES,61
YES,68
YES,100
YES,20
YES,27
YES,9
YES,18
YES,6
YES,100
YES,47
YES,14
YES,21
YES,26
YES,32
YES,42
NO,34
YES,96
YES,12
YES,27
YES,5
YES,55
YES,81
YES,40
YES,36
YES,72
YES,50
YES,10
YES,94
YES,68
YES,77
YES,23
YES,18
YES,44
YES,45
YES,23
YES,28
YES,36
YES,7
YES,35
YES,62
YES,92
YES,20
YES,40
YES,66
YES,97
YES,8
YES,41
YES,44
NO,7
NO,81
YES,52
YES,9
YES,40
YES,39
YES,12
YES,86
YES,84
YES,40
YES,20
YES,79
YES,52
YES,18
YES,38
YES,44
YES,80
YES,13
YES,91
YES,63
YES,44
YES,8
YES,92
YES,75
YES,40
YES,13
YES,51
YES,15
YES,92
YES,100
YES,47
YES,65
YES,3
YES,64
YES,43
YES,26
YES,70
YES,57
YES,100
YES,75
YES,41
YES,57
YES,44
NO,29
NO,29
NO,93
YES,70
YES,82
YES,57
YES,37
YES,85
YES,62
YES,43
YES,57
YES,39
YES,59
YES,92
YES,70
YES,54
YES,4
YES,7
YES,12
YES,47
YES,12
YES,60
YES,13
YES,89
YES,93
YES,2
YES,65
YES,24
YES,7
YES,89
YES,46
YES,97
YES,51
YES,48
YES,91
YES,74
YES,51
YES,30
YES,56
YES,79
NO,90
YES,6
YES,32
YES,53
YES,85
YES,91
YES,27
YES,33
YES,83
YES,72
YES,9
NO,7
YES,13
YES,79
YES,87
YES,59
NO,19
YES,92
YES,99
YES,27
YES,33
YES,99
YES,25
YES,2
YES,35
YES,89
NO,33
YES,36
YES,38
YES,6
NO,9
YES,96
YES,10
YES,42
YES,17
YES,5
YES,84
NO,6
YES,61
YES,13
YES,75
YES,26
YES,51
YES,78
YES,81
YES,69
YES,50
YES,77
YES,0
NO,56
YES,2
YES,99
YES,55
YES,88
YES,66
NO,87
YES,88
YES,28
YES,51
YES,41
YES,6
YES,92
YES,83
YES,46
YES,27
YES,7
YES,62
YES,33
YES,19
YES,44
YES,15
YES,91
YES,4
YES,78
YES,68
YES,22
YES,79
YES,72
YES,73
YES,46
YES,65
YES,40
YES,100
NO,81
YES,62
YES,45
YES,27
YES,80
YES,75
YES,83
YES,77
YES,39
YES,11
YES,54
NO,46
YES,71
YES,98
YES,75
NO,79
YES,48
YES,33
YES,98
YES,36
YES,48
YES,54
YES,61
YES,16
YES,7
YES,85
NO,53
NO,20
YES,51
YES,86
YES,55
YES,86
YES,42
YES,17
YES,5
YES,54
YES,35
YES,57
YES,49
YES,55
NO,4
YES,56
NO,30
YES,8
YES,78
YES,64
YES,61
YES,17
YES,84
NO,92
YES,53
YES,43
NO,22
YES,51
YES,9
YES,55
YES,29
YES,9
NO,11
YES,26
YES,37
YES,37
YES,52
YES,1
YES,59
YES,35
YES,83
NO,3
YES,70
YES,36
YES,51
YES,3
YES,15
YES,72
YES,21
YES,45
YES,22
YES,96
YES,86
YES,8
YES,97
YES,78
YES,40
YES,90
YES,29
NO,58
YES,56
YES,18
YES,83
YES,20
YES,83
YES,95
YES,96
YES,27
YES,87
YES,63
YES,69
YES,45
YES,89
YES,74
YES,8
YES,40
YES,3
YES,97
YES,32
YES,53
YES,83
YES,98
YES,77
YES,81
YES,98
YES,43
YES,34
YES,92
YES,67
YES,34
YES,22
YES,92
YES,66
NO,61
YES,59
YES,81
YES,55
YES,51
YES,76
YES,74
YES,25
YES,50
YES,62
YES,3
YES,2
YES,62
YES,55
YES,70
YES,77
YES,54
YES,0
YES,98
YES,72
YES,13
YES,81
NO,94
YES,62
NO,30
YES,19
YES,11
YES,98
YES,6
YES,4
YES,41
YES,82
YES,60
YES,7
YES,83
YES,28
YES,25
YES,86
YES,49
YES,82
YES,100
YES,45
YES,71
YES,77
NO,21
YES,57
YES,6
NO,57
YES,43
NO,8
YES,92
YES,69
YES,56
NO,72
YES,29
YES,62
YES,61
YES,7
YES,5
YES,23
YES,29
YES,22
YES,15
YES,39
NO,75
YES,73
YES,98
NO,40
YES,52
YES,5
YES,83
NO,13
YES,3
YES,76
YES,72
YES,17
YES,76
YES,33
YES,34
YES,69
YES,12
YES,14
YES,21
YES,8
YES,23
YES,78
YES,86
YES,67
YES,97
YES,2
YES,12
YES,51
YES,92
YES,7
YES,3
YES,86
NO,58
YES,88
YES,35
YES,68
YES,0
NO,77
YES,34
YES,65
YES,23
YES,46
YES,47
YES,70
YES,21
NO,13
YES,56
YES,53
YES,59
NO,56
YES,20
YES,50
YES,33
NO,21
YES,98
YES,40
YES,71
YES,4
YES,30
YES,3
YES,75
NO,65
YES,86
YES,85
YES,56
YES,3
YES,85
YES,83
YES,55
YES,13
YES,6
YES,97
YES,7
YES,34
YES,94
YES,21
YES,24
YES,65
YES,33
YES,5
YES,71
YES,61
YES,60
YES,99
YES,68
YES,37
YES,58
NO,34
YES,51
YES,8
NO,89
YES,35
YES,14
YES,77
YES,47
NO,14
YES,50
YES,61
YES,92
YES,47
YES,81
YES,77
YES,22
YES,30
NO,45
YES,45
YES,48
NO,52
YES,39
YES,33
YES,18
YES,14
YES,10
YES,94
YES,48
YES,44
YES,27
YES,77
YES,12
YES,97
YES,88
YES,73
YES,9
YES,46
NO,22
YES,97
YES,81
YES,37
YES,67
YES,81
YES,28
YES,91
YES,44
YES,82
YES,34
YES,66
YES,70
YES,75
YES,50
YES,65
YES,79
YES,41
YES,85
YES,1
YES,72
YES,0
YES,50
NO,2
YES,99
YES,7
NO,87
YES,46
YES,40
YES,1
YES,26
YES,87
YES,89
YES,16
YES,40
YES,88
YES,19
YES,77
YES,16
YES,86
YES,97
YES,4
YES,50
YES,30
YES,96
YES,7
YES,21
YES,100
YES,61
YES,11
YES,55
YES,29
YES,58
YES,32
YES,47
YES,52
YES,74
YES,17
YES,73
YES,84
YES,87
YES,94
NO,88
YES,3
YES,86
YES,85
YES,88
YES,78
YES,87
YES,79
YES,84
YES,69
NO,8
YES,25
YES,70
YES,94
YES,94
YES,14
YES,94
YES,89
YES,51
YES,73
YES,2
YES,67
YES,11
YES,99
YES,4
YES,30
YES,88
YES,61
YES,55
NO,76
YES,90
YES,92
YES,57
YES,83
YES,26
YES,20
YES,77
YES,73
YES,95
YES,11
YES,92
YES,54
YES,35
YES,90
YES,62
YES,75
YES,55
YES,34
NO,78
YES,61
YES,9
YES,26
YES,48
YES,35
YES,44
YES,42
NO,37
YES,78
YES,14
YES,61
YES,93
YES,14
YES,31
YES,23
YES,69
YES,43
NO,71
YES,19
YES,11
NO,41
YES,54
NO,3
YES,42
YES,22
YES,75
YES,24
YES,22
YES,3
YES,11
YES,54
YES,9
NO,9
YES,81
YES,8
YES,25
YES,7
YES,3
YES,50
YES,3
YES,63
YES,73
YES,14
YES,2
YES,68
NO,54
YES,79
YES,99
YES,87
NO,45
YES,97
YES,58
NO,68
YES,64
YES,41
YES,81
YES,38
YES,3
YES,16
YES,59
YES,41
YES,7
YES,86
YES,62
YES,19
YES,66
YES,97
YES,88
YES,66
YES,83
YES,68
YES,13
YES,35
YES,18
YES,31
YES,96
NO,63
YES,70
YES,15
YES,83
YES,74
YES,10
YES,99
YES,31
YES,81
YES,67
YES,91
YES,68
YES,100
YES,66
YES,5
YES,89
YES,79
YES,63
NO,61
YES,17
YES,97
YES,37
YES,88
NO,75
YES,51
YES,60
YES,79
YES,24
YES,47
YES,89
YES,28
YES,21
NO,90
YES,46
NO,10
YES,33
YES,39
YES,49
YES,81
NO,66
YES,80
YES,26
YES,99
NO,33
YES,1
YES,77
YES,12
YES,18
YES,86
YES,36
NO,85
YES,62
YES,21
YES,0
YES,65
YES,46
YES,87
YES,44
YES,57
YES,72
YES,64
YES,11
YES,33
YES,44
YES,39
NO,11
YES,9
YES,85
YES,38
YES,22
YES,73
YES,39
YES,58
YES,24
YES,78
YES,78
YES,16
YES,26
YES,54
YES,63
YES,63
YES,13
YES,56
YES,80
YES,95
YES,89
YES,43
YES,94
YES,4
YES,63
YES,95
YES,25
NO,4
YES,88
YES,40
YES,52
YES,63
YES,75
YES,91
YES,56
YES,67
YES,97
YES,48
YES,49
YES,83
NO,85
YES,8
YES,70
YES,72
YES,19
NO,66
YES,31
YES,14
YES,83
YES,26
YES,75
YES,6
NO,13
YES,34
YES,51
YES,12
YES,97
YES,45
YES,42
YES,20
YES,31
NO,27
YES,25
YES,55
YES,33
YES,71
YES,53
YES,20
YES,4
YES,4
YES,14
YES,77
YES,0
NO,70
YES,71
YES,44
YES,54
YES,24
YES,40
YES,89
YES,94
YES,2
YES,51
YES,92
YES,13
YES,54
YES,44
YES,4
YES,64
YES,28
YES,17
YES,67
NO,68
YES,72
YES,2
YES,6
YES,54
YES,100
YES,29
YES,21
YES,29
YES,22
YES,88
YES,29
YES,46
YES,0
YES,9
YES,1
YES,71
YES,61
YES,17
NO,8
YES,12
YES,33
NO,20
NO,63
YES,11
YES,64
YES,0
YES,76
YES,4
YES,10
NO,48
NO,42
YES,29
YES,54
YES,88
YES,49
YES,5
YES,54
NO,16
YES,71
YES,95
YES,59
YES,95
YES,17
YES,42
YES,50
YES,100
YES,51
YES,38
YES,79
YES,81
YES,43
YES,52
YES,13
YES,63
NO,34
YES,5
YES,19
YES,36
YES,58
YES,100
YES,9
YES,71
YES,73
YES,87
YES,14
YES,29
YES,36
YES,66
YES,30
YES,76
NO,90
YES,35
YES,99
YES,8
YES,40
YES,69
YES,48
YES,59
NO,48
YES,55
YES,97
YES,33
YES,27
YES,5
YES,0
YES,36
YES,42
YES,94
NO,67
YES,23
YES,94
YES,100
YES,66
YES,35
YES,41
YES,20
YES,61
YES,52
YES,33
YES,66
YES,7
YES,33
YES,21
YES,96
YES,45
YES,24
NO,37
YES,63
NO,11
YES,89
YES,10
YES,33
YES,75
YES,75
YES,56
YES,25
YES,78
YES,81
YES,27
YES,99
YES,98
YES,40
YES,25
YES,24
YES,64
YES,1
YES,87
YES,99
YES,65
YES,67
YES,57
YES,58
YES,25
YES,62
YES,25
YES,66
YES,42
YES,12
YES,99
NO,33
YES,0
YES,17
YES,3
YES,84
YES,65
NO,15
YES,42
YES,4
YES,40
YES,83
YES,71
YES,16
NO,6
YES,35
YES,1
NO,17
YES,72
YES,72
NO,35
YES,16
YES,60
YES,88
YES,89
YES,26
YES,17
YES,2
YES,65
YES,19
NO,1
NO,35
YES,18
YES,92
YES,50
YES,25
YES,52
YES,8
YES,63
YES,96
YES,48
YES,58
YES,34
YES,67
NO,84
YES,25
YES,97
YES,13
YES,83
YES,0
YES,28
YES,1
NO,3
NO,72
YES,8
YES,82
YES,19
YES,55
YES,80
YES,45
YES,89
YES,89
YES,61
YES,10
YES,0
YES,46
YES,58
YES,48
YES,54
YES,20
YES,21
YES,57
YES,80
YES,61
YES,34
YES,67
YES,26
YES,29
YES,28
YES,5
NO,42
YES,52
YES,33
YES,40
YES,56
YES,34
YES,56
YES,84
YES,13
YES,33
YES,39
YES,4
YES,83
YES,11
YES,99
YES,67
NO,46
YES,91
YES,70
YES,53
YES,17
YES,36
NO,48
YES,75
YES,18
YES,13
YES,23
YES,66
YES,86
YES,28
YES,4
YES,15
NO,88
YES,27
YES,80
YES,4
NO,80
YES,11
YES,21
YES,45
YES,33
YES,9
YES,74
NO,51
YES,56
YES,13
YES,58
YES,55
YES,44
YES,69
YES,86
YES,90
YES,12
YES,67
YES,2
YES,58
YES,92
YES,69
YES,41
YES,4
YES,40
YES,93
YES,98
YES,49
YES,38
YES,44
YES,8
YES,54
YES,84
YES,1
YES,59
YES,54
YES,41
YES,90
YES,97
YES,83
YES,14
YES,28
YES,72
YES,21
NO,61
YES,51
YES,95
NO,21
YES,24
YES,68
YES,1
YES,46
YES,7
YES,26
YES,8
YES,70
YES,57
YES,100
YES,55
YES,5
YES,64
YES,16
YES,78
YES,38
YES,29
YES,55
YES,84
YES,14
YES,79
YES,32
YES,15
YES,87
YES,60
YES,51
YES,98
YES,54
YES,95
YES,23
YES,45
YES,77
YES,8
YES,24
NO,37
YES,74
YES,100
YES,100
YES,5
YES,28
NO,71
YES,56
NO,16
YES,97
NO,94
YES,60
YES,25
YES,67
YES,98
YES,13
YES,4
NO,6
YES,3
YES,21
YES,62
YES,75
YES,91
YES,47
YES,65
YES,50
YES,91
YES,74
YES,30
YES,73
YES,6
YES,84
YES,52
YES,93
YES,21
YES,4
YES,94
YES,90
NO,2
YES,94
YES,71
YES,91
YES,36
YES,55
YES,73
YES,8
YES,7
YES,68
YES,65
YES,92
YES,23
YES,81
YES,13
YES,94
YES,86
YES,22
YES,79
YES,3
YES,94
YES,61
YES,32
YES,8
YES,26
YES,57
YES,33
YES,13
YES,50
YES,55
YES,42
YES,83
YES,87
YES,63
YES,0
YES,10
YES,57
YES,49
YES,5
YES,39
YES,1
YES,73
YES,96
YES,60
YES,78
YES,18
NO,18
YES,5
YES,80
YES,44
YES,72
YES,27
YES,61
YES,70
YES,16
YES,44
YES,50
YES,76
YES,61
NO,82
YES,15
YES,74
YES,36
YES,92
YES,79
YES,45
YES,80
YES,78
YES,21
YES,64
YES,70
YES,73
NO,84
YES,35
YES,13
YES,80
YES,50
YES,65
YES,95
YES,98
YES,79
YES,29
YES,62
YES,49
YES,91
YES,71
YES,30
YES,33
YES,73
YES,21
YES,59
YES,64
YES,29
YES,89
YES,19
YES,61
YES,85
YES,48
YES,90
YES,30
YES,37
YES,72
NO,100
YES,58
YES,10
YES,36
YES,33
YES,29
YES,55
YES,25
YES,15
YES,29
YES,1
YES,26
YES,44
YES,83
YES,71
YES,47
YES,100
YES,89
YES,52
YES,53
YES,30
YES,10
YES,11
YES,12
YES,82
YES,59
YES,100
YES,25
NO,29
YES,77
YES,52
YES,87
YES,92
NO,91
YES,5
NO,92
NO,3
YES,94
YES,3
YES,35
YES,47
YES,41
YES,23
YES,55
YES,25
YES,54
YES,30
NO,62
NO,97
YES,74
YES,78
YES,52
YES,86
NO,9
NO,45
YES,11
YES,99
YES,1
YES,11
YES,12
YES,73
YES,49
YES,60
YES,56
YES,76
YES,84
YES,53
YES,96
YES,47
YES,31
YES,20
NO,51
YES,92
YES,88
NO,49
YES,37
YES,59
YES,73
YES,90
YES,49
YES,90
YES,35
YES,48
YES,62
YES,46
NO,60
YES,42
YES,60
YES,21
YES,67
YES,95
YES,56
NO,100
YES,30
YES,36
YES,6
YES,30
YES,55
YES,62
YES,20
YES,93
YES,2
YES,13
YES,49
YES,95
YES,73
YES,81
NO,13
YES,92
YES,59
YES,21
YES,96
YES,97
YES,38
YES,55
YES,57
YES,21
YES,95
YES,3
YES,62
YES,69
YES,28
YES,28
YES,79
YES,82
YES,54
YES,5
YES,50
YES,78
NO,24
YES,17
YES,20
YES,77
YES,34
YES,23
NO,2
YES,80
YES,54
YES,13
YES,46
YES,73
YES,98
YES,34
YES,93
YES,74
YES,0
YES,7
YES,19
NO,41
YES,62
NO,80
YES,17
YES,97
YES,58
YES,59
YES,61
YES,96
YES,18
YES,44
YES,32
YES,78
YES,11
YES,2
YES,83
YES,84
YES,7
YES,53
YES,58
YES,18
YES,29
YES,19
YES,44
YES,45
YES,77
YES,11
YES,33
YES,35
YES,29
YES,97
NO,64
YES,17
YES,63
YES,28
YES,77
YES,62
NO,86
YES,16
YES,60
YES,36
YES,15
YES,26
YES,56
YES,75
NO,16
NO,1
YES,27
YES,29
YES,64
YES,67
YES,7
YES,50
YES,97
NO,73
YES,79
YES,95
YES,58
YES,37
YES,14
YES,85
YES,50
YES,25
YES,44
YES,52
NO,63
YES,84
YES,16
YES,88
YES,1
YES,77
YES,15
NO,76
YES,63
YES,78
YES,18
YES,67
YES,41
YES,55
YES,10
YES,60
YES,6
YES,0
YES,19
NO,47
YES,30
YES,13
YES,72
YES,9
YES,10
YES,89
NO,5
YES,31
YES,25
NO,32
YES,97
YES,37
YES,39
YES,83
YES,100
YES,86
YES,72
YES,33
YES,59
YES,91
YES,78
YES,30
YES,72
YES,1
YES,1
YES,55
YES,37
YES,76
YES,99
YES,0
YES,26
YES,15
YES,27
YES,50
YES,39
YES,4
YES,12
YES,42
YES,10
YES,13
YES,54
NO,46
YES,3
NO,75
YES,95
NO,25
YES,27
YES,86
YES,97
YES,41
YES,54
YES,76
YES,32
YES,75
YES,81
YES,99
YES,60
NO,79
NO,47
YES,74
YES,76
YES,63
YES,64
NO,82
YES,100
YES,25
YES,54
NO,40
YES,7
YES,37
YES,63
YES,36
YES,45
YES,63
YES,52
YES,46
YES,83
YES,35
YES,55
NO,73
YES,66
YES,16
NO,74
YES,28
YES,92
YES,76
YES,98
YES,63
YES,34
YES,62
YES,85
YES,97
YES,32
YES,6
YES,12
YES,68
YES,34
YES,85
YES,43
YES,88
YES,73
YES,60
YES,0
YES,87
YES,7
YES,31
YES,12
YES,42
YES,80
YES,28
YES,41
YES,94
YES,72
YES,20
YES,36
YES,56
YES,1
YES,50
YES,44
YES,99
YES,31
YES,32
YES,37
YES,69
YES,29
NO,18
NO,1
NO,42
YES,13
YES,44
YES,87
YES,78
NO,74
YES,98
YES,72
YES,78
YES,21
YES,72
YES,66
YES,100
YES,14
YES,5
YES,17
YES,20
YES,99
YES,34
YES,91
YES,67
NO,9
YES,96
YES,90
YES,32
YES,68
YES,52
YES,53
YES,59
YES,76
YES,2
NO,57
YES,97
NO,51
YES,90
YES,73
YES,13
YES,100
YES,39
YES,10
YES,33
YES,97
NO,1
YES,43
YES,12
NO,89
YES,64
YES,63
YES,70
YES,30
YES,77
YES,20
YES,43
YES,53
YES,81
YES,47
YES,19
NO,21
YES,82
YES,34
YES,27
YES,62
NO,41
YES,5
YES,46
YES,42
YES,52
YES,98
YES,8
YES,93
YES,9
YES,38
YES,1
YES,28
YES,67
NO,25
YES,38
NO,35
NO,64
YES,100
YES,71
YES,98
YES,51
YES,63
YES,4
YES,84
YES,23
NO,15
YES,91
YES,38
YES,91
YES,7
YES,51
YES,83
YES,80
YES,6
YES,96
YES,8
YES,10
NO,39
YES,37
YES,92
YES,45
YES,33
YES,42
YES,31
YES,100
YES,15
YES,16
YES,69
YES,57
NO,80
YES,18
NO,35
YES,37
YES,49
YES,7
YES,100
YES,62
YES,37
YES,20
NO,45
YES,62
YES,41
YES,99
YES,17
YES,0
YES,74
YES,35
YES,24
YES,3
YES,71
NO,78
YES,71
YES,66
YES,56
YES,96
NO,24
NO,24
NO,13
YES,1
YES,53
YES,93
YES,68
YES,34
YES,15
YES,93
NO,15
YES,89
YES,78
YES,44
YES,58
YES,100
YES,74
YES,3
YES,9
YES,97
YES,6
YES,81
YES,33
YES,70
YES,67
YES,22
YES,24
YES,4
YES,35
YES,71
YES,13
YES,7
YES,99
YES,2
YES,88
YES,77
YES,39
YES,11
YES,11
YES,10
YES,80
YES,87
YES,94
YES,42
YES,77
YES,91
NO,46
YES,27
YES,35
YES,74
YES,27
YES,83
YES,3
YES,31
YES,94
YES,93
YES,7
YES,36
YES,100
YES,43
YES,39
NO,33
YES,10
YES,29
YES,69
YES,54
YES,86
NO,3
YES,93
YES,37
YES,17
YES,27
NO,87
YES,19
YES,76
YES,92
NO,99
YES,14
YES,88
YES,70
YES,76
NO,60
NO,25
YES,86
YES,48
YES,73
NO,6
YES,7
YES,30
YES,3
YES,59
YES,46
YES,91
NO,28
YES,18
YES,39
YES,58
YES,94
YES,46
YES,69
YES,81
YES,99
YES,96
YES,23
YES,46
YES,56
NO,35
YES,39
YES,19
YES,54
YES,19
YES,22
YES,86
NO,60
YES,26
NO,44
YES,100
YES,41
YES,16
YES,38
YES,52
YES,74
YES,34
YES,46
YES,97
YES,19
YES,54
YES,8
YES,51
YES,45
NO,84
YES,61
YES,29
YES,44
YES,33
YES,53
YES,73
YES,12
YES,44
YES,44
YES,83
YES,43
YES,55
NO,82
YES,66
YES,2
YES,43
YES,20
YES,21
YES,49
YES,29
YES,63
YES,62
YES,70
YES,74
YES,38
YES,69
YES,23
YES,23
YES,84
YES,81
YES,72
YES,4
NO,25
YES,32
YES,90
YES,46
YES,2
YES,21
NO,67
YES,16
YES,28
YES,100
YES,11
NO,37
YES,57
YES,80
NO,47
YES,19
YES,62
YES,59
YES,71
YES,49
YES,76
NO,55
NO,75
YES,23
YES,89
YES,17
YES,60
YES,44
YES,78
YES,70
YES,100
NO,36
YES,61
YES,88
YES,65
YES,56
YES,10
NO,18
YES,87
YES,17
YES,100
YES,29
YES,45
YES,33
NO,99
YES,48
YES,49
YES,63
YES,21
YES,80
YES,74
YES,14
NO,73
YES,47
YES,79
YES,62
YES,51
YES,86
YES,79
YES,57
NO,28
YES,74
YES,50
YES,12
NO,16
YES,6
YES,12
YES,4
YES,98
YES,16
YES,91
YES,52
YES,21
YES,13
YES,29
YES,20
YES,86
YES,80
YES,77
YES,79
YES,52
YES,56
YES,44
YES,94
YES,1
YES,99
YES,32
YES,30
YES,98
YES,52
YES,69
YES,58
YES,74
NO,90
YES,81
NO,21
YES,21
YES,31
YES,32
YES,7
YES,36
NO,34
YES,67
YES,97
YES,13
YES,70
YES,68
YES,94
YES,68
NO,3
YES,65
YES,38
YES,33
YES,79
YES,86
YES,13
YES,1
YES,66
NO,81
YES,92
NO,42
YES,44
YES,11
YES,93
YES,50
YES,23
YES,18
YES,82
YES,82
YES,55
YES,37
YES,65
YES,52
YES,92
YES,68
YES,0
YES,53
YES,65
YES,77
YES,2
YES,31
NO,57
YES,82
YES,89
YES,12
YES,42
YES,36
YES,59
YES,1
YES,27
YES,22
YES,33
YES,20
YES,22
YES,1
YES,16
YES,64
YES,82
YES,45
YES,87
YES,98
YES,88
YES,90
NO,41
YES,57
YES,61
YES,1
YES,3
YES,15
YES,98
NO,28
YES,62
YES,95
YES,99
YES,38
YES,46
YES,50
YES,62
YES,94
YES,36
YES,9
YES,41
YES,42
NO,32
YES,23
YES,33
YES,43
YES,46
YES,5
YES,67
YES,88
YES,2
YES,89
NO,96
YES,28
YES,29
YES,88
YES,59
YES,72
YES,90
NO,28
YES,85
NO,96
YES,59
YES,56
YES,63
YES,51
YES,86
YES,36
YES,57
YES,1
NO,9
YES,97
YES,51
YES,56
YES,19
YES,98
YES,23
YES,62
YES,83
YES,74
YES,77
YES,47
YES,77
YES,22
YES,94
YES,72
YES,2
YES,33
YES,70
YES,7
YES,55
YES,67
YES,48
YES,51
YES,63
YES,17
YES,53
YES,31
YES,97
YES,88
YES,29
YES,21
YES,80
YES,6
YES,70
YES,29
YES,73
YES,83
YES,79
YES,89
YES,9
YES,85
YES,26
YES,56
YES,99
YES,17
YES,87
YES,10
YES,16
YES,75
YES,82
YES,83
YES,97
YES,97
YES,82
YES,94
YES,69
YES,37
YES,1
YES,25
YES,98
YES,3
YES,42
YES,0
YES,92
YES,94
YES,55
YES,25
YES,19
NO,80
NO,72
YES,89
YES,70
NO,7
YES,37
YES,39
YES,50
NO,94
YES,83
NO,94
YES,53
NO,37
YES,38
NO,8
YES,86
YES,45
YES,1
YES,85
YES,15
YES,20
YES,86
YES,97
YES,41
YES,62
NO,54
YES,58
YES,41
YES,46
YES,99
YES,29
YES,80
YES,96
YES,76
YES,86
YES,99
YES,54
NO,90
YES,20
YES,67
YES,50
YES,32
YES,85
YES,72
YES,71
YES,51
YES,49
YES,51
YES,2
YES,63
YES,76
YES,78
YES,3
YES,69
YES,44
YES,81
YES,97
YES,48
NO,96
YES,81
NO,16
YES,2
YES,30
YES,86
YES,66
YES,3
YES,93
YES,58
YES,7
YES,9
YES,53
YES,14
YES,10
YES,61
YES,96
NO,56
YES,89
YES,94
YES,83
YES,65
YES,0
YES,58
YES,17
YES,62
YES,42
NO,13
YES,38
YES,23
YES,81
YES,34
YES,54
YES,13
YES,19
YES,92
YES,48
YES,43
YES,56
YES,6
YES,20
YES,74
YES,20
YES,33
YES,92
NO,87
YES,62
YES,26
YES,17
YES,24
YES,65
NO,39
YES,52
YES,57
NO,35
YES,51
YES,67
YES,36
YES,13
YES,98
YES,75
YES,44
YES,95
YES,55
YES,60
YES,94
YES,32
YES,97
YES,34
YES,27
YES,20
YES,53
YES,14
YES,94
YES,52
YES,96
YES,58
YES,12
YES,73
YES,98
YES,19
YES,80
YES,69
YES,8
YES,45
YES,4
YES,9
YES,92
YES,56
YES,23
YES,78
YES,4
YES,5
YES,44
YES,8
YES,10
YES,92
YES,90
YES,91
YES,4
YES,22
YES,61
YES,99
YES,74
YES,100
YES,57
NO,100
YES,58
YES,7
NO,89
YES,73
YES,55
NO,51
YES,68
YES,21
YES,16
YES,87
YES,57
YES,72
YES,29
YES,56
YES,32
YES,13
YES,68
YES,11
YES,62
YES,85
YES,85
YES,78
YES,72
NO,79
YES,52
YES,99
YES,85
YES,33
YES,4
YES,94
YES,29
YES,28
YES,59
YES,2
YES,15
YES,4
YES,82
YES,15
YES,8
YES,29
YES,91
YES,48
YES,17
NO,33
YES,91
YES,5
YES,53
YES,12
YES,90
YES,92
YES,16
YES,36
YES,90
YES,60
YES,50
YES,97
YES,9
YES,90
YES,37
YES,7
YES,71
YES,4
NO,86
NO,16
YES,95
YES,32
YES,20
YES,52
YES,73
YES,75
YES,70
YES,61
YES,34
YES,98
YES,66
YES,62
YES,52
YES,0
YES,81
YES,10
YES,70
YES,100
YES,20
YES,21
YES,32
YES,63
YES,38
YES,25
NO,71
YES,2
YES,0
YES,43
YES,88
YES,39
YES,9
YES,43
YES,53
YES,81
YES,100
NO,99
YES,0
YES,64
NO,30
YES,58
YES,17
YES,87
YES,7
NO,13
YES,2
YES,22
YES,97
YES,96
YES,2
YES,71
YES,45
NO,31
YES,48
YES,100
YES,17
YES,63
YES,45
YES,4
YES,37
YES,54
YES,82
YES,4
YES,28
YES,9
YES,23
YES,2
YES,10
YES,30
YES,37
YES,47
YES,35
YES,0
YES,50
YES,39
YES,75
YES,65
YES,32
YES,5
YES,27
YES,51
YES,39
YES,27
YES,4
YES,81
YES,84
YES,46
YES,99
YES,15
NO,30
YES,28
YES,3
NO,9
YES,62
YES,20
YES,9
YES,27
YES,11
YES,95
YES,46
YES,87
YES,46
YES,72
YES,12
YES,94
YES,64
YES,56
YES,86
YES,0
YES,21
YES,69
YES,81
NO,88
YES,90
YES,12
YES,66
YES,78
YES,79
YES,50
YES,44
YES,49
YES,16
YES,12
YES,71
YES,73
YES,74
YES,52
YES,30
YES,74
YES,99
YES,43
YES,71
YES,83
YES,8
YES,16
YES,62
NO,83
NO,91
NO,41
YES,14
YES,86
YES,20
YES,94
NO,30
YES,2
YES,58
YES,17
NO,78
YES,24
YES,6
YES,3
YES,35
YES,100
YES,71
YES,32
YES,100
YES,35
NO,35
YES,86
YES,21
YES,26
YES,92
YES,55
YES,98
YES,9
YES,40
YES,66
YES,3
YES,36
YES,10
NO,92
YES,2
YES,31
YES,93
YES,4
YES,36
YES,19
YES,6
NO,20
YES,7
YES,90
NO,81
YES,8
YES,54
YES,24
YES,64
YES,75
YES,90
YES,79
YES,98
YES,9
YES,39
YES,64
YES,25
YES,65
YES,42
YES,9
YES,100
YES,88
YES,98
YES,12
NO,33
YES,51
YES,16
YES,92
YES,68
YES,44
YES,55
NO,19
YES,65
NO,32
YES,4
NO,80
YES,16
YES,71
YES,73
YES,48
YES,44
YES,33
YES,19
NO,99
YES,30
YES,17
NO,40
YES,36
YES,21
YES,71
YES,70
YES,27
NO,70
YES,97
YES,52
YES,23
YES,54
YES,10
YES,29
NO,13
YES,6
YES,73
YES,32
NO,16
YES,28
YES,25
NO,70
YES,100
YES,23
YES,86
YES,50
YES,36
YES,28
YES,5
YES,15
YES,25
YES,1
YES,42
YES,95
YES,76
YES,52
YES,95
YES,53
YES,36
YES,59
YES,8
YES,3
YES,63
YES,97
YES,89
YES,58
YES,100
YES,36
YES,43
YES,18
YES,71
NO,9
YES,41
YES,78
YES,60
YES,74
YES,79
YES,54
YES,90
YES,25
YES,74
YES,80
YES,47
YES,5
YES,65
YES,48
YES,27
YES,19
YES,98
YES,85
YES,68
YES,43
YES,14
YES,0
YES,42
YES,9
YES,11
YES,34
YES,36
YES,69
YES,43
YES,12
YES,7
YES,63
YES,28
YES,51
YES,98
YES,27
NO,100
YES,97
YES,18
YES,20
YES,85
YES,27
YES,55
YES,49
YES,31
YES,74
YES,94
YES,93
YES,53
YES,71
YES,46
NO,94
YES,37
YES,38
YES,59
YES,21
YES,27
YES,5
YES,8
YES,39
YES,83
YES,93
NO,29
YES,79
YES,14
YES,32
YES,16
YES,70
YES,48
YES,29
YES,65
YES,86
YES,77
YES,73
NO,96
YES,48
YES,73
YES,0
YES,53
YES,36
YES,5
YES,9
NO,21
YES,36
YES,39
YES,70
YES,100
YES,92
YES,45
YES,42
YES,43
YES,38
YES,41
YES,33
NO,56
NO,84
YES,25
YES,100
YES,97
NO,94
NO,61
YES,14
NO,46
YES,23
YES,13
YES,96
YES,16
YES,61
YES,48
YES,15
YES,10
YES,76
YES,38
YES,81
YES,22
YES,88
YES,100
YES,89
YES,33
YES,62
YES,37
YES,51
YES,97
YES,13
YES,16
YES,25
YES,78
YES,46
YES,100
YES,61
YES,74
NO,55
YES,2
YES,40
YES,15
YES,97
YES,69
YES,68
YES,18
YES,13
YES,91
YES,11
YES,68
YES,41
YES,32
YES,58
YES,36
YES,90
NO,43
YES,8
YES,10
YES,41
YES,7
YES,94
YES,39
YES,45
NO,11
YES,32
YES,8
YES,40
YES,73
YES,35
YES,24
YES,70
YES,38
YES,90
YES,28
YES,6
YES,95
YES,32
YES,52
YES,21
YES,47
YES,91
NO,83
YES,7
NO,43
YES,58
YES,69
YES,83
YES,49
YES,99
YES,23
YES,57
YES,13
YES,73
YES,70
YES,87
YES,16
YES,61
YES,10
YES,71
YES,40
YES,68
NO,65
YES,71
YES,89
YES,50
YES,90
YES,26
NO,30
YES,40
YES,69
YES,35
YES,27
YES,15
YES,68
YES,60
YES,12
YES,92
YES,51
YES,84
YES,89
YES,60
YES,63
NO,68
YES,20
YES,7
YES,65
YES,44
YES,23
YES,60
YES,93
YES,60
YES,39
YES,8
YES,30
YES,8
YES,33
YES,77
YES,10
YES,80
YES,4
YES,36
YES,16
NO,60
YES,97
NO,70
YES,6
NO,53
YES,4
YES,22
YES,73
NO,57
YES,71
YES,18
YES,79
NO,67
YES,67
YES,50
YES,1
NO,17
YES,26
YES,6
YES,39
YES,14
YES,13
YES,56
YES,36
NO,77
YES,66
YES,75
YES,31
YES,32
YES,65
YES,45
YES,31
YES,69
NO,22
YES,47
YES,83
YES,57
YES,79
YES,40
YES,7
YES,30
YES,18
YES,22
YES,36
YES,82
YES,16
YES,91
YES,6
YES,48
YES,48
YES,40
NO,32
YES,50
YES,46
YES,67
YES,48
YES,48
YES,99
YES,10
YES,27
NO,85
YES,17
NO,99
YES,14
YES,35
YES,45
YES,42
YES,10
YES,0
YES,47
NO,73
NO,6
YES,32
YES,68
YES,31
YES,52
YES,5
YES,64
YES,83
YES,66
YES,63
YES,23
YES,38
YES,90
YES,69
YES,24
YES,52
YES,67
YES,86
YES,13
YES,4
YES,13
YES,66
YES,0
YES,16
YES,6
YES,36
YES,31
YES,79
YES,62
YES,25
YES,81
YES,78
YES,90
YES,44
YES,94
YES,13
YES,97
YES,23
YES,68
YES,34
YES,88
YES,46
YES,47
YES,41
NO,43
NO,58
YES,62
YES,28
YES,66
YES,62
YES,30
YES,15
YES,57
YES,46
YES,3
YES,63
YES,45
YES,19
YES,37
YES,31
YES,86
YES,27
YES,98
YES,40
YES,76
YES,27
YES,17
YES,62
YES,2
YES,26
YES,85
YES,73
YES,32
YES,14
YES,1
YES,66
YES,54
YES,67
NO,50
YES,34
YES,75
NO,79
NO,79
YES,65
YES,37
NO,5
YES,79
NO,1
YES,100
YES,71
YES,15
NO,24
YES,14
YES,55
YES,93
YES,39
YES,28
YES,21
NO,54
YES,2
YES,69
YES,0
YES,25
YES,53
YES,3
NO,63
YES,81
YES,80
NO,17
YES,43
YES,90
YES,2
YES,95
NO,1
NO,85
YES,74
NO,2
YES,48
YES,91
YES,99
YES,30
YES,74
YES,88
YES,59
YES,15
YES,25
YES,47
YES,10
YES,78
YES,14
YES,34
YES,39
YES,85
YES,84
YES,91
YES,42
YES,28
YES,41
YES,100
YES,76
YES,5
YES,88
NO,30
YES,11
YES,45
YES,55
YES,65
YES,48
YES,89
YES,71
YES,93
YES,12
NO,64
NO,14
YES,31
YES,71
YES,81
YES,95
YES,82
NO,31
YES,66
YES,38
YES,2
YES,60
YES,43
YES,32
YES,79
YES,67
YES,48
YES,64
YES,1
YES,18
YES,81
NO,35
NO,84
YES,35
YES,39
YES,31
YES,45
YES,9
NO,59
NO,11
YES,43
YES,96
YES,17
YES,88
NO,12
NO,87
YES,42
YES,13
NO,56
YES,38
YES,24
YES,64
YES,28
YES,21
YES,90
YES,56
YES,84
YES,8
YES,49
YES,44
YES,9
YES,37
YES,45
YES,25
YES,48
YES,32
YES,25
YES,6
YES,47
NO,56
YES,66
YES,96
YES,84
YES,97
YES,34
YES,0
YES,83
YES,64
YES,20
YES,58
YES,29
YES,7
YES,81
YES,45
YES,69
NO,95
YES,65
YES,0
YES,34
NO,84
YES,38
YES,5
YES,95
YES,42
YES,10
YES,41
NO,97
YES,24
YES,63
YES,89
YES,42
YES,26
YES,28
YES,5
YES,95
YES,38
YES,6
YES,18
YES,85
YES,39
NO,39
YES,11
YES,52
YES,73
YES,83
YES,50
YES,6
YES,38
YES,36
YES,93
YES,55
YES,15
YES,44
YES,51
NO,68
YES,69
YES,58
YES,21
YES,93
NO,28
YES,7
YES,20
YES,92
YES,43
NO,74
YES,37
YES,62
YES,47
YES,67
YES,66
YES,46
YES,84
YES,30
NO,28
YES,14
YES,0
YES,52
YES,14
YES,21
YES,43
YES,84
YES,15
YES,10
YES,68
YES,58
YES,3
YES,46
YES,22
YES,38
YES,52
YES,17
YES,12
YES,56
YES,56
YES,61
YES,7
YES,10
YES,51
YES,65
YES,54
YES,6
YES,81
YES,80
YES,76
YES,21
YES,76
YES,56
YES,48
NO,54
YES,6
YES,6
YES,70
YES,8
NO,75
YES,80
YES,81
YES,56
YES,10
YES,83
YES,9
YES,42
YES,81
YES,73
YES,100
YES,69
YES,23
NO,2
YES,49
YES,9
YES,20
NO,28
YES,65
YES,76
YES,49
YES,63
YES,7
NO,79
NO,34
YES,98
YES,40
YES,0
YES,32
NO,49
YES,76
YES,81
YES,39
YES,20
YES,20
NO,35
YES,23
YES,19
YES,51
YES,93
YES,59
NO,51
YES,39
NO,29
YES,77
YES,87
YES,10
YES,65
YES,31
YES,68
YES,13
YES,94
YES,86
YES,87
YES,97
YES,70
YES,74
YES,33
YES,72
YES,28
YES,21
YES,67
YES,82
YES,48
NO,41
YES,0
NO,83
YES,27
NO,40
YES,65
YES,70
NO,45
NO,55
YES,40
YES,41
NO,14
YES,46
YES,44
YES,68
NO,82
YES,86
YES,71
YES,39
YES,72
YES,92
NO,33
NO,48
YES,10
YES,62
YES,79
YES,11
YES,80
YES,74
YES,26
YES,41
NO,42
YES,90
NO,44
YES,99
YES,57
YES,2
YES,7
YES,68
YES,86
YES,33
YES,82
YES,32
YES,16
YES,35
YES,1
YES,8
YES,47
YES,4
YES,67
YES,61
YES,96
YES,88
YES,18
YES,99
NO,73
YES,65
YES,73
YES,60
YES,86
YES,91
YES,1
YES,52
NO,7
YES,37
YES,22
YES,54
YES,75
YES,9
YES,98
NO,11
YES,74
YES,99
YES,12
YES,36
YES,40
YES,36
YES,10
YES,55
YES,80
NO,68
YES,71
YES,75
YES,14
YES,73
YES,43
YES,26
YES,90
YES,6
YES,62
YES,43
YES,62
YES,84
YES,48
YES,89
YES,83
YES,99
YES,44
YES,31
YES,69
YES,40
YES,83
YES,19
YES,34
YES,47
YES,85
YES,26
YES,95
YES,75
YES,59
YES,91
YES,19
YES,47
YES,0
YES,86
YES,72
YES,40
YES,52
YES,10
YES,61
YES,76
YES,24
YES,38
YES,86
NO,23
YES,1
YES,46
YES,69
YES,28
YES,62
YES,99
YES,37
YES,29
YES,81
YES,44
YES,41
YES,6
YES,98
YES,80
YES,78
YES,3
YES,70
YES,37
YES,30
YES,37
YES,48
YES,31
YES,71
YES,12
YES,22
NO,90
YES,31
YES,1
YES,78
YES,51
YES,95
YES,1
YES,89
YES,49
YES,69
YES,53
YES,77
YES,34
YES,76
YES,90
NO,12
YES,82
YES,91
YES,100
YES,9
YES,10
YES,30
YES,30
NO,66
YES,87
YES,93
YES,89
YES,32
YES,37
YES,96
YES,25
YES,64
YES,37
YES,80
YES,99
YES,47
YES,93
YES,47
YES,17
YES,5
YES,8
YES,75
YES,60
YES,85
YES,2
YES,80
NO,20
YES,31
YES,94
YES,99
YES,87
YES,73
YES,99
YES,33
YES,28
YES,87
YES,51
NO,44
YES,17
YES,55
YES,73
YES,49
YES,57
NO,93
YES,93
YES,72
YES,72
YES,96
YES,67
YES,60
YES,37
YES,63
YES,58
YES,81
YES,8
NO,67
YES,98
YES,45
NO,52
YES,38
YES,44
YES,27
YES,33
YES,75
YES,85
YES,48
NO,65
YES,7
YES,2
YES,18
NO,41
NO,60
YES,88
YES,30
YES,27
NO,94
YES,29
YES,94
YES,51
YES,27
YES,70
YES,1
YES,51
YES,75
YES,91
YES,78
YES,13
NO,11
YES,71
YES,86
YES,94
NO,6
YES,17
YES,50
NO,56
YES,93
YES,2
YES,68
NO,53
YES,69
YES,50
YES,19
NO,50
YES,43
YES,41
NO,92
YES,94
YES,77
YES,60
YES,97
YES,63
YES,28
YES,90
YES,26
YES,38
NO,20
YES,89
YES,29
YES,37
YES,10
YES,63
YES,45
NO,60
YES,67
YES,39
NO,60
YES,49
YES,71
YES,82
YES,91
YES,85
YES,61
YES,43
YES,92
YES,27
YES,98
YES,87
YES,5
YES,22
YES,80
NO,46
YES,80
NO,89
YES,28
YES,92
YES,57
YES,13
YES,17
YES,73
YES,37
YES,60
NO,80
YES,26
YES,34
YES,27
YES,85
YES,6
YES,98
YES,78
YES,25
YES,21
YES,59
NO,78
YES,12
YES,65
YES,91
YES,78
YES,69
YES,31
YES,28
YES,12
NO,49
YES,63
YES,100
YES,58
NO,82
YES,55
YES,16
YES,43
YES,75
YES,49
YES,90
YES,60
YES,100
NO,14
YES,69
YES,11
YES,84
YES,23
YES,35
YES,91
YES,100
YES,27
YES,50
NO,53
YES,40
YES,65
YES,53
YES,70
YES,59
YES,72
NO,21
YES,84
YES,48
YES,86
YES,81
YES,78
NO,93
YES,10
YES,81
YES,48
YES,40
YES,40
YES,69
YES,67
YES,49
NO,15
YES,4
NO,54
YES,11
YES,77
YES,29
YES,96
YES,23
YES,76
YES,43
YES,7
YES,39
NO,96
YES,31
YES,45
YES,34
YES,77
YES,6
YES,9
YES,38
YES,76
YES,17
NO,8
YES,53
YES,3
YES,80
YES,13
YES,56
YES,6
YES,87
YES,62
YES,53
NO,62
YES,44
YES,49
NO,11
YES,71
YES,61
YES,43
NO,68
YES,35
YES,55
YES,92
YES,100
YES,98
YES,61
YES,92
YES,95
YES,27
YES,74
YES,69
NO,83
YES,7
YES,83
YES,97
YES,30
NO,54
YES,66
YES,55
YES,83
YES,21
YES,13
YES,79
YES,92
NO,94
YES,64
NO,1
YES,87
YES,68
YES,24
YES,15
YES,78
NO,78
YES,34
YES,60
YES,20
YES,84
YES,74
YES,66
YES,86
YES,54
NO,2
YES,79
YES,64
YES,51
YES,29
YES,35
YES,28
NO,4
YES,83
YES,57
YES,63
YES,53
YES,19
NO,18
YES,94
NO,37
NO,41
YES,41
YES,76
YES,10
YES,6
YES,54
NO,100
NO,35
YES,54
NO,8
YES,51
YES,99
YES,60
YES,81
YES,1
YES,93
NO,76
YES,91
YES,46
YES,2
YES,13
YES,25
YES,33
YES,76
YES,56
YES,60
NO,52
YES,15
YES,20
YES,19
YES,75
YES,49
YES,81
YES,14
YES,62
YES,75
YES,86
YES,47
YES,24
NO,83
NO,24
YES,18
YES,34
NO,44
YES,50
YES,1
NO,49
YES,38
YES,36
YES,57
YES,51
YES,5
YES,21
YES,54
YES,15
YES,0
YES,51
YES,82
YES,44
YES,19
YES,24
YES,19
YES,68
YES,30
YES,56
YES,53
YES,10
YES,7
NO,2
YES,60
YES,8
YES,1
YES,16
YES,94
YES,98
YES,21
YES,3
YES,0
YES,96
YES,62
YES,43
YES,11
NO,15
YES,27
YES,99
YES,15
YES,8
YES,2
YES,63
YES,69
NO,43
YES,44
YES,15
YES,64
YES,89
YES,12
YES,32
YES,23
YES,61
YES,90
YES,42
YES,94
YES,38
YES,13
YES,51
NO,45
YES,72
YES,3
YES,27
YES,51
YES,55
YES,61
YES,36
YES,86
YES,7
YES,45
YES,96
YES,61
YES,14
YES,69
YES,63
YES,65
YES,23
YES,77
YES,75
YES,18
YES,89
YES,18
YES,58
YES,94
YES,90
YES,60
YES,1
YES,28
YES,99
YES,76
YES,44
YES,93
YES,58
YES,57
YES,55
YES,37
YES,96
YES,92
YES,65
YES,17
YES,94
NO,14
YES,58
YES,10
YES,63
YES,55
YES,41
YES,40
YES,81
YES,81
YES,52
YES,76
YES,45
YES,8
YES,33
YES,50
YES,8
YES,84
YES,60
YES,51
NO,61
YES,38
YES,73
YES,50
YES,15
YES,99
YES,5
YES,5
YES,67
YES,24
YES,33
YES,73
YES,56
YES,90
NO,53
YES,41
YES,25
YES,12
YES,48
YES,75
YES,72
YES,19
YES,83
YES,42
YES,1
YES,99
YES,30
YES,18
YES,47
YES,36
YES,32
YES,39
YES,35
YES,96
YES,9
YES,43
YES,95
YES,39
YES,92
YES,7
YES,30
YES,69
YES,7
YES,2
YES,77
YES,49
NO,61
YES,18
YES,0
YES,70
YES,61
YES,63
YES,73
YES,34
YES,8
YES,65
YES,58
NO,38
NO,98
YES,70
NO,34
YES,3
YES,79
YES,58
YES,63
YES,43
YES,66
YES,43
YES,31
YES,75
YES,68
YES,18
NO,68
YES,20
YES,11
YES,81
YES,42
YES,83
YES,31
YES,77
YES,30
YES,30
YES,9
NO,21
YES,89
YES,24
YES,3
YES,65
YES,30
YES,90
YES,81
YES,61
YES,60
YES,21
YES,1
YES,55
YES,63
YES,31
YES,66
YES,10
YES,87
YES,75
YES,32
YES,78
YES,30
YES,62
YES,19
YES,16
YES,40
YES,27
YES,25
YES,88
YES,6
NO,54
YES,36
YES,44
NO,89
NO,15
NO,79
YES,74
YES,85
YES,33
YES,17
YES,13
YES,41
YES,3
YES,0
YES,29
YES,49
YES,43
YES,74
YES,43
YES,20
YES,55
YES,4
YES,10
YES,77
YES,76
YES,4
YES,91
NO,37
YES,3
YES,100
YES,5
YES,31
YES,13
YES,48
YES,46
NO,82
YES,92
YES,15
YES,22
NO,85
YES,71
NO,100
NO,21
YES,78
YES,52
YES,48
YES,4
YES,34
YES,95
YES,18
YES,12
YES,42
YES,73
YES,52
YES,28
YES,1
YES,51
YES,93
NO,43
YES,82
YES,38
NO,47
YES,58
YES,73
NO,63
YES,27
NO,73
NO,68
YES,24
YES,29
YES,49
YES,18
NO,81
YES,40
YES,60
YES,30
YES,37
YES,96
YES,84
YES,97
YES,53
YES,9
YES,100
YES,70
YES,63
YES,12
YES,10
NO,4
YES,2
YES,49
YES,57
YES,32
YES,87
YES,8
YES,54
YES,8
YES,47
NO,94
NO,69
YES,90
YES,5
YES,60
YES,85
YES,51
YES,61
YES,17
YES,35
YES,60
NO,81
YES,61
NO,56
YES,1
YES,0
YES,61
YES,4
YES,64
YES,29
YES,24
YES,21
YES,92
YES,79
YES,8
YES,9
YES,53
NO,18
YES,14
YES,69
YES,48
YES,82
YES,32
YES,64
YES,73
YES,71
YES,10
YES,43
YES,72
YES,78
YES,11
YES,12
YES,25
YES,69
YES,38
NO,6
YES,68
YES,55
YES,100
YES,30
YES,28
NO,38
YES,58
YES,59
YES,96
YES,70
YES,49
YES,86
YES,94
YES,47
YES,93
YES,65
YES,30
YES,13
YES,28
YES,58
YES,96
YES,89
YES,8
YES,41
YES,4
YES,52
YES,61
YES,31
YES,100
YES,83
YES,78
YES,84
YES,5
YES,81
NO,31
YES,13
YES,12
NO,8
YES,18
YES,19
YES,1
YES,50
YES,41
YES,73
YES,59
YES,58
YES,8
YES,67
YES,29
YES,94
NO,88
YES,46
YES,26
NO,12
YES,73
NO,45
YES,81
YES,87
YES,95
YES,5
YES,86
YES,5
YES,24
YES,4
YES,31
YES,33
YES,38
YES,85
YES,32
YES,45
NO,85
YES,87
YES,97
NO,37
NO,26
YES,8
YES,50
YES,57
YES,58
YES,51
YES,21
YES,47
YES,7
YES,18
NO,13
NO,57
YES,66
NO,22
YES,36
YES,84
YES,73
YES,13
NO,75
YES,10
YES,70
YES,35
YES,68
YES,43
YES,11
YES,19
YES,8
YES,51
YES,58
YES,94
YES,84
YES,30
YES,70
YES,52
NO,92
YES,77
YES,15
YES,25
YES,88
YES,42
YES,31
YES,86
YES,80
YES,48
YES,65
YES,68
YES,67
YES,41
YES,83
YES,14
NO,30
YES,37
YES,93
YES,42
YES,85
NO,70
NO,19
YES,43
YES,32
YES,73
YES,91
NO,5
YES,53
YES,80
YES,33
YES,100
YES,52
NO,76
NO,38
YES,78
YES,41
YES,17
YES,10
YES,66
YES,10
YES,14
YES,19
YES,24
YES,6
YES,9
YES,25
YES,11
YES,16
YES,96
YES,19
YES,47
YES,47
YES,12
YES,46
YES,74
NO,85
YES,97
YES,87
YES,89
YES,53
YES,77
YES,5
YES,59
NO,80
YES,9
YES,86
YES,18
YES,46
NO,93
NO,2
YES,62
YES,68
YES,80
YES,44
YES,69
NO,86
YES,75
YES,56
YES,27
YES,9
YES,59
YES,69
YES,13
YES,61
YES,100
NO,91
YES,10
NO,24
YES,20
YES,94
YES,51
YES,69
NO,39
YES,32
YES,65
YES,64
YES,95
YES,63
YES,63
NO,61
YES,16
YES,94
YES,57
YES,67
YES,19
YES,20
NO,39
YES,39
YES,94
YES,16
YES,92
YES,4
YES,84
YES,25
YES,44
YES,31
YES,55
YES,29
YES,76
YES,94
YES,73
YES,14
YES,59
YES,1
YES,0
YES,80
YES,76
YES,71
YES,51
YES,4
YES,58
YES,42
YES,11
NO,43
NO,86
YES,41
NO,1
NO,54
YES,89
NO,81
YES,28
YES,11
YES,46
NO,34
YES,42
YES,91
YES,98
YES,18
YES,58
YES,25
YES,6
YES,60
YES,84
YES,59
NO,15
YES,35
YES,31
NO,25
NO,95
NO,58
YES,71
YES,34
YES,5
YES,93
YES,36
YES,75
NO,57
YES,79
YES,42
YES,19
YES,36
YES,13
YES,48
YES,80
YES,31
YES,25
YES,17
YES,2
YES,72
YES,64
YES,36
YES,72
YES,39
NO,86
NO,83
YES,80
YES,27
YES,3
YES,48
YES,65
YES,40
YES,38
YES,70
YES,38
NO,27
YES,52
YES,89
YES,6
YES,3
NO,50
YES,95
YES,24
YES,35
YES,35
YES,50
YES,83
NO,55
NO,14
YES,39
YES,65
YES,9
NO,8
YES,9
YES,35
YES,58
YES,14
YES,24
YES,60
YES,84
YES,54
YES,96
NO,62
YES,16
YES,8
YES,57
YES,68
NO,14
YES,83
NO,25
YES,59
YES,59
NO,27
YES,70
YES,15
YES,36
YES,50
YES,74
YES,70
YES,64
YES,58
YES,28
YES,25
YES,89
YES,60
YES,90
YES,3
YES,1
YES,23
YES,19
YES,11
YES,61
YES,94
YES,94
YES,4
YES,3
YES,85
YES,37
YES,6
YES,53
YES,68
YES,93
YES,32
YES,17
YES,72
YES,12
YES,59
YES,21
YES,16
YES,3
YES,9
YES,95
YES,78
NO,36
YES,97
YES,100
YES,35
YES,7
NO,42
YES,82
YES,27
YES,27
YES,98
YES,64
YES,36
YES,43
YES,97
YES,31
YES,89
YES,98
YES,27
YES,60
YES,41
YES,28
YES,42
YES,31
YES,87
YES,6
YES,19
NO,11
YES,4
YES,34
NO,16
YES,25
YES,87
YES,78
YES,35
YES,66
YES,99
YES,5
YES,89
NO,35
YES,35
YES,4
YES,39
YES,43
YES,86
YES,56
YES,9
YES,47
YES,7
YES,66
YES,43
YES,62
YES,21
YES,57
YES,81
YES,38
YES,13
NO,94
YES,47
YES,15
YES,57
YES,31
YES,28
YES,11
YES,100
YES,22
YES,5
YES,90
YES,16
YES,25
YES,42
YES,81
YES,53
YES,40
YES,78
YES,50
YES,99
YES,78
YES,16
YES,90
YES,53
YES,67
NO,8
NO,80
YES,98
YES,70
NO,59
YES,83
YES,25
YES,57
YES,59
YES,18
YES,71
YES,5
YES,50
YES,73
NO,25
YES,70
YES,48
YES,76
YES,58
YES,35
YES,11
YES,12
YES,87
YES,69
YES,58
YES,90
YES,20
YES,5
YES,44
YES,66
YES,59
YES,47
YES,56
YES,93
YES,25
YES,50
YES,47
YES,98
YES,82
YES,52
YES,65
YES,78
YES,2
YES,99
YES,55
YES,51
YES,46
YES,26
YES,53
YES,17
NO,76
YES,79
NO,97
YES,57
YES,70
YES,74
YES,80
YES,12
YES,87
YES,56
YES,23
YES,81
YES,44
NO,71
YES,79
YES,74
YES,29
YES,43
YES,92
YES,33
NO,19
NO,95
YES,66
YES,65
YES,7
NO,51
YES,58
YES,40
YES,46
YES,76
NO,82
YES,47
YES,24
YES,96
YES,76
YES,5
YES,63
YES,22
YES,37
YES,5
YES,6
YES,52
YES,83
YES,35
YES,21
YES,25
YES,29
YES,28
YES,71
YES,80
YES,52
YES,22
NO,79
YES,48
YES,72
YES,98
YES,19
YES,81
NO,79
YES,8
YES,21
YES,42
YES,76
YES,77
YES,78
YES,98
YES,21
YES,83
YES,62
YES,22
YES,85
YES,22
YES,11
YES,50
YES,72
YES,12
YES,59
YES,88
YES,98
YES,42
NO,34
YES,68
YES,17
YES,20
YES,67
NO,48
YES,16
YES,11
YES,77
YES,22
YES,95
YES,52
YES,50
YES,85
YES,32
YES,93
YES,41
YES,24
YES,88
YES,97
YES,46
YES,29
YES,88
YES,87
YES,10
YES,22
YES,12
YES,28
YES,16
NO,9
YES,79
NO,37
YES,4
YES,59
YES,44
NO,93
NO,11
YES,60
YES,79
YES,39
YES,93
YES,83
YES,68
YES,0
YES,68
YES,69
YES,32
YES,61
YES,62
YES,21
NO,96
YES,88
YES,79
NO,44
YES,97
YES,27
NO,23
YES,36
NO,82
YES,60
YES,17
YES,37
YES,90
YES,34
YES,22
YES,80
YES,35
YES,90
YES,45
YES,40
YES,54
YES,40
YES,80
YES,3
YES,2
YES,33
YES,94
YES,27
YES,100
YES,98
YES,13
YES,74
YES,100
YES,54
YES,81
NO,18
YES,60
NO,26
YES,74
YES,88
YES,95
YES,19
YES,46
YES,37
YES,13
YES,55
YES,32
YES,40
YES,37
YES,67
YES,98
YES,52
YES,99
YES,48
YES,8
YES,2
YES,84
YES,0
YES,44
YES,62
YES,38
YES,9
YES,1
YES,55
YES,50
YES,16
YES,67
YES,76
YES,86
YES,8
YES,13
YES,94
YES,34
YES,93
YES,96
YES,78
YES,37
YES,5
YES,21
YES,27
YES,71
YES,48
YES,99
YES,45
NO,97
YES,74
NO,97
YES,42
YES,33
YES,39
YES,23
YES,60
YES,81
YES,22
YES,78
YES,65
YES,99
YES,51
YES,2
YES,99
YES,40
YES,99
YES,44
YES,34
YES,58
YES,71
NO,98
YES,8
YES,36
YES,24
YES,74
YES,78
YES,65
NO,22
YES,63
YES,21
YES,25
YES,38
YES,59
YES,27
YES,18
NO,41
YES,39
YES,26
YES,71
YES,98
YES,97
YES,15
YES,30
YES,59
YES,34
YES,90
YES,47
YES,46
YES,92
YES,18
YES,11
YES,61
YES,33
YES,28
YES,19
YES,57
YES,79
YES,14
YES,60
YES,7
YES,18
YES,69
YES,91
YES,98
YES,88
YES,76
NO,7
YES,79
YES,72
YES,8
YES,25
YES,50
YES,31
NO,75
YES,80
YES,88
YES,59
YES,43
YES,41
YES,41
YES,75
YES,40
YES,70
YES,0
YES,51
YES,17
YES,86
YES,84
YES,72
YES,9
YES,48
YES,42
YES,11
YES,29
YES,86
YES,1
NO,48
YES,52
YES,22
YES,69
NO,16
YES,87
YES,80
YES,3
YES,64
YES,17
YES,77
YES,49
YES,14
YES,16
YES,46
YES,94
NO,60
YES,2
YES,73
YES,50
YES,68
YES,98
YES,81
YES,12
YES,72
YES,38
YES,33
YES,37
YES,72
YES,60
YES,89
YES,84
YES,100
YES,71
YES,74
YES,79
YES,43
YES,61
YES,1
YES,39
YES,71
NO,67
YES,90
YES,58
YES,33
YES,66
YES,100
YES,12
YES,71
NO,78
YES,70
YES,80
NO,77
NO,50
YES,63
YES,90
YES,53
YES,97
YES,46
YES,40
YES,97
YES,37
YES,35
YES,59
YES,22
YES,82
YES,98
YES,100
YES,26
NO,12