"ticket","fare","cabin","embarked","boat","body","home.dest","survived"
"24160",211.3375,"B5","S","2","-1","St Louis_ MO",1
"113781",151.5500,"C22 C26","S","11","-1","Montreal_ PQ / Chesterville_ ON",1
"113781",151.5500,"C22 C26","S","-1","-1","Montreal_ PQ / Chesterville_ ON",0
"113781",151.5500,"C22 C26","S","-1","135","Montreal_ PQ / Chesterville_ ON",0
"113781",151.5500,"C22 C26","S","-1","-1","Montreal_ PQ / Chesterville_ ON",0
"19952",26.5500,"E12","S","3","-1","New York_ NY",1
"13502",77.9583,"D7","S","10","-1","Hudson_ NY",1
"112050",0.0000,"A36","S","-1","-1","Belfast_ NI",0
"11769",51.4792,"C101","S","D","-1","Bayside_ Queens_ NY",1
"PC 17609",49.5042,"-1","C","-1","22","Montevideo_ Uruguay",0
"PC 17757",227.5250,"C62 C64","C","-1","124","New York_ NY",0
"PC 17757",227.5250,"C62 C64","C","4","-1","New York_ NY",1
"PC 17477",69.3000,"B35","C","9","-1","Paris_ France",1
"19877",78.8500,"-1","S","6","-1","-1",1
"27042",30.0000,"A23","S","B","-1","Hessle_ Yorks",1
"PC 17318",25.9250,"-1","S","-1","-1","New York_ NY",0
"PC 17558",247.5208,"B58 B60","C","-1","-1","Montreal_ PQ",0
"PC 17558",247.5208,"B58 B60","C","6","-1","Montreal_ PQ",1
"11813",76.2917,"D15","C","8","-1","-1",1
"13050",75.2417,"C6","C","A","-1","Winnipeg_ MN",0
"11751",52.5542,"D35","S","5","-1","New York_ NY",1
"11751",52.5542,"D35","S","5","-1","New York_ NY",1
"111369",30.0000,"C148","C","5","-1","New York_ NY",1
"PC 17757",227.5250,"-1","C","4","-1","-1",1
"PC 17483",221.7792,"C97","S","8","-1","-1",1
"13905",26.0000,"-1","C","-1","148","San Francisco_ CA",0
"11967",91.0792,"B49","C","7","-1","Dowagiac_ MI",1
"11967",91.0792,"B49","C","7","-1","Dowagiac_ MI",1
"PC 17760",135.6333,"C99","S","8","-1","-1",1
"110564",26.5500,"C52","S","D","-1","Stockholm_ Sweden / Washington_ DC",1
"113784",35.5000,"T","S","-1","-1","Trenton_ NJ",0
"112277",31.0000,"A31","C","7","-1","Glen Ridge_ NJ",1
"36928",164.8667,"C7","S","8","-1","Youngstown_ OH",1
"113783",26.5500,"C103","S","8","-1","Birkdale_ England Cleveland_ Ohio",1
"110489",26.5500,"D22","S","-1","-1","London / Winnipeg_ MB",0
"PC 17608",262.3750,"-1","C","4","-1","Cooperstown_ NY",1
"113505",55.0000,"E33","S","6","-1","St Leonards-on-Sea_ England Ohio",1
"111427",26.5500,"-1","S","9","-1","Los Angeles_ CA",1
"113054",30.5000,"A21","S","-1","-1","Pomeroy_ WA",0
"PC 17591",50.4958,"B10","C","-1","208","Omaha_ NE",0
"112379",39.6000,"-1","C","-1","-1","Philadelphia_ PA",0
"PC 17610",27.7208,"B4","C","6","-1","Denver_ CO",1
"11769",51.4792,"C101","S","D","-1","Belmont_ MA",1
"11813",76.2917,"D15","C","8","-1","Philadelphia_ PA",1
"16966",134.5000,"E40","C","3","-1","-1",1
"113050",26.5500,"B38","S","-1","-1","Washington_ DC",0
"113798",31.0000,"-1","S","-1","-1","-1",0
"PC 17476",26.2875,"E24","S","5","-1","New York_ NY",1
"PC 17606",27.4458,"-1","C","6","-1","Washington_ DC",1
"PC 17755",512.3292,"B51 B53 B55","C","3","-1","Austria-Hungary / Germantown_ Philadelphia_ PA",1
"PC 17755",512.3292,"B51 B53 B55","C","3","-1","Germantown_ Philadelphia_ PA",1
"695",5.0000,"B51 B53 B55","S","-1","-1","New York_ NY",0
"113059",47.1000,"-1","S","-1","-1","Montevideo_ Uruguay",0
"113059",47.1000,"-1","S","-1","-1","Montevideo_ Uruguay",0
"113760",120.0000,"B96 B98","S","4","-1","Bryn Mawr_ PA",1
"113760",120.0000,"B96 B98","S","4","-1","Bryn Mawr_ PA",1
"113760",120.0000,"B96 B98","S","C","-1","Bryn Mawr_ PA",1
"113760",120.0000,"B96 B98","S","4","-1","Bryn Mawr_ PA",1
"19924",26.0000,"-1","S","-1","-1","Ascot_ Berkshire / Rochester_ NY",0
"17770",27.7208,"-1","C","5","-1","New York_ NY",1
"19877",78.8500,"C46","S","-1","172","Little Onn Hall_ Staffs",0
"19877",78.8500,"C46","S","6","-1","Little Onn Hall_ Staffs",1
"W.E.P. 5734",61.1750,"E31","S","-1","-1","Amenia_ ND",0
"W.E.P. 5734",61.1750,"E31","S","4","-1","Amenia_ ND",1
"113806",53.1000,"E8","S","5","-1","New York_ NY / Ithaca_ NY",1
"113806",53.1000,"E8","S","5","-1","New York_ NY / Ithaca_ NY",1
"PC 17608",262.3750,"B61","C","4","-1","-1",1
"110152",86.5000,"B77","S","8","-1","London_ England",1
"PC 17594",29.7000,"A9","C","7","-1","Paris_ France",1
"113505",55.0000,"E33","S","6","-1","St Leonards-on-Sea_ England Ohio",1
"112051",0.0000,"-1","S","-1","-1","Liverpool_ England / Belfast",0
"13508",136.7792,"C89","C","-1","-1","Los Angeles_ CA",0
"13508",136.7792,"C89","C","4","-1","Los Angeles_ CA",1
"113781",151.5500,"-1","S","11","-1","-1",1
"110465",52.0000,"A14","S","-1","-1","Stoughton_ MA",0
"5727",25.5875,"E58","S","-1","-1","Victoria_ BC",0
"PC 17756",83.1583,"E49","C","14","-1","Lakewood_ NJ",1
"PC 17756",83.1583,"E52","C","-1","-1","Lakewood_ NJ",0
"PC 17756",83.1583,"E45","C","14","-1","Lakewood_ NJ",1
"11770",25.7000,"C101","S","2","-1","New York_ NY",1
"113791",26.5500,"-1","S","-1","-1","Roachdale_ IN",0
"WE/P 5735",71.0000,"B22","S","-1","269","Milwaukee_ WI",0
"WE/P 5735",71.0000,"B22","S","7","-1","Milwaukee_ WI",1
"112901",26.5500,"B26","S","7","-1","Milwaukee_ WI",1
"PC 17599",71.2833,"C85","C","-1","-1","New York_ NY",0
"PC 17599",71.2833,"C85","C","4","-1","New York_ NY",1
"113055",26.5500,"E17","S","5 9","-1","Lima_ Peru",1
"113804",30.5000,"-1","S","3","-1","Philadelphia_ PA",1
"113781",151.5500,"-1","S","8","-1","-1",1
"F.C. 12750",52.0000,"B71","S","-1","-1","Montreal_ PQ",0
"F.C. 12750",52.0000,"B71","S","3","-1","Montreal_ PQ",1
"17474",57.0000,"B20","S","3","-1","Calgary_ AB",1
"17474",57.0000,"B20","S","3","-1","Calgary_ AB",1
"33638",81.8583,"A34","S","13","-1","San Francisco_ CA",1
"33638",81.8583,"A34","S","5","-1","San Francisco_ CA",1
"33638",81.8583,"A34","S","5","-1","San Francisco_ CA",1
"PC 17761",106.4250,"C86","C","-1","62","Deephaven_ MN / Cedar Rapids_ IA",0
"PC 17558",247.5208,"B58 B60","C","6","-1","Montreal_ PQ",1
"PC 17761",106.4250,"C86","C","2","-1","Deephaven_ MN / Cedar Rapids_ IA",1
"11755",39.6000,"A16","C","1","-1","London / Paris",1
"PC 17485",56.9292,"A20","C","1","-1","London / Paris",1
"PC 17580",29.7000,"A18","C","-1","133","Philadelphia_ PA",0
"11767",83.1583,"C54","C","7","-1","Mt Airy_ Philadelphia_ PA",1
"PC 17757",227.5250,"C45","C","4","-1","New York_ NY",1
"36947",78.2667,"D20","C","4","-1","Brookline_ MA",1
"PC 17531",31.6792,"A29","C","-1","-1","New York_ NY",0
"PC 17483",221.7792,"C95","S","-1","-1","-1",0
"PC 17598",31.6833,"-1","S","7","-1","New York_ NY",1
"17421",110.8833,"-1","C","4","-1","-1",1
"PC 17474",26.3875,"E25","S","5","-1","Brooklyn_ NY",1
"113051",27.7500,"C111","C","-1","-1","New York_ NY",0
"19950",263.0000,"C23 C25 C27","S","10","-1","Winnipeg_ MB",1
"19950",263.0000,"C23 C25 C27","S","10","-1","Winnipeg_ MB",1
"19950",263.0000,"C23 C25 C27","S","10","-1","Winnipeg_ MB",1
"19950",263.0000,"C23 C25 C27","S","-1","-1","Winnipeg_ MB",0
"19950",263.0000,"C23 C25 C27","S","-1","-1","Winnipeg_ MB",0
"19950",263.0000,"C23 C25 C27","S","10","-1","Winnipeg_ MB",1
"PC 17485",56.9292,"E36","C","1","-1","-1",1
"113778",26.5500,"D34","S","-1","-1","Westcliff-on-Sea_ Essex",0
"PC 17611",133.6500,"-1","S","5","-1","New York_ NY",1
"17765",27.7208,"D40","C","5","-1","New York_ NY",1
"PC 17611",133.6500,"-1","S","5","-1","New York_ NY",1
"13568",49.5000,"B39","C","5","-1","Zurich_ Switzerland",1
"13567",79.2000,"B41","C","5","-1","Zurich_ Switzerland",1
"13567",79.2000,"B41","C","5","-1","Zurich_ Switzerland",1
"112058",0.0000,"B102","S","-1","-1","-1",0
"113803",53.1000,"C123","S","-1","-1","Scituate_ MA",0
"113803",53.1000,"C123","S","D","-1","Scituate_ MA",1
"111320",38.5000,"E63","S","-1","275","St Anne's-on-Sea_ Lancashire",0
"113503",211.5000,"C130","C","4","-1","-1",1
"112378",59.4000,"-1","C","7","-1","New York_ NY",1
"112378",59.4000,"-1","C","7","-1","New York_ NY",1
"PC 17593",79.2000,"B86","C","-1","-1","-1",0
"17453",89.1042,"C92","C","5","-1","Paris_ France / New York_ NY",1
"17453",89.1042,"C92","C","5","-1","Paris_ France / New York_ NY",1
"PC 17754",34.6542,"A5","C","-1","-1","New York_ NY",0
"113780",28.5000,"C51","C","B","-1","Washington_ DC",1
"112053",30.0000,"B42","S","3","-1","Greenwich_ CT",1
"PC 17582",153.4625,"C91","S","-1","147","Winnipeg_ MB",0
"PC 17582",153.4625,"C125","S","3","-1","Greenwich_ CT",1
"PC 17759",63.3583,"D10 D12","C","7","-1","New York_ NY",1
"PC 17759",63.3583,"D10 D12","C","7","-1","New York_ NY",1
"PC 17593",79.2000,"B82 B84","C","-1","-1","New York_ NY",0
"11765",55.4417,"E50","C","5","-1","Brooklyn_ NY",1
"11765",55.4417,"E50","C","5","-1","Brooklyn_ NY",1
"PC 17572",76.7292,"D33","C","3","-1","New York_ NY",1
"PC 17572",76.7292,"D33","C","3","-1","New York_ NY",1
"113796",42.4000,"-1","S","-1","-1","-1",0
"36973",83.4750,"C83","S","-1","-1","New York_ NY",0
"36973",83.4750,"C83","S","D","-1","New York_ NY",1
"112059",0.0000,"B94","S","-1","110","-1",0
"PC 17572",76.7292,"D49","C","3","-1","-1",1
"16988",30.0000,"D45","S","3","-1","Kingston_ Surrey",1
"11767",83.1583,"C54","C","7","-1","New York_ NY",1
"12749",93.5000,"B69","S","-1","307","Montreal_ PQ",0
"12749",93.5000,"B69","S","3","-1","Montreal_ PQ",1
"113038",42.5000,"B11","S","-1","-1","London / Middlesex",0
"17463",51.8625,"E46","S","-1","-1","Brighton_ MA",0
"680",50.0000,"C39","S","-1","-1","London / Birmingham",0
"111361",57.9792,"B18","C","4","-1","Chicago_ IL",1
"111361",57.9792,"B18","C","4","-1","Chicago_ IL",1
"13502",77.9583,"D11","S","10","-1","Hudson_ NY",1
"113789",52.0000,"-1","S","-1","38","New York_ NY",0
"113789",52.0000,"-1","S","8","-1","New York_ NY",1
"111426",26.5500,"-1","C","15","-1","Indianapolis_ IN",1
"19943",90.0000,"C93","S","D","-1","New York_ NY /  Stamford CT",1
"PC 17600",30.6958,"-1","C","14","-1","New York_ NY",0
"19943",90.0000,"C93","S","D","-1","New York_ NY /  Stamford CT",1
"113572",80.0000,"B28","-1","6","-1","-1",1
"PC 17595",28.7125,"C49","C","-1","-1","Paris_ France New York_ NY",0
"112058",0.0000,"B52 B54 B56","S","C","-1","Liverpool",1
"694",26.0000,"-1","S","-1","80","Bennington_ VT",0
"113044",26.0000,"E60","S","-1","-1","London",0
"113503",211.5000,"C132","C","-1","45","-1",0
"11771",29.7000,"B37","C","-1","258","Buffalo_ NY",0
"17464",51.8625,"D21","S","-1","-1","Southington / Noank_ CT",0
"17464",51.8625,"D21","S","8","-1","Southington / Noank_ CT",1
"11753",52.5542,"D19","S","5","-1","Boston_ MA",1
"11753",52.5542,"D19","S","5","-1","Boston_ MA",1
"113028",26.5500,"C124","S","-1","-1","Portland_ OR",0
"24160",211.3375,"-1","S","2","-1","-1",1
"17465",25.9292,"D17","S","8","-1","New York_ NY",1
"PC 17761",106.4250,"-1","C","2","-1","-1",1
"PC 17755",512.3292,"B101","C","3","-1","-1",1
"PC 17612",27.7208,"-1","C","-1","-1","Chicago_ IL",0
"17475",26.5500,"-1","S","-1","-1","Stockholm_ Sweden",0
"112377",27.7208,"-1","C","6","-1","Stockholm_ Sweden",1
"PC 17592",39.4000,"D28","S","9","-1","Paris_ France",1
"PC 17592",39.4000,"D28","S","9","-1","Paris_ France",1
"113501",30.0000,"D6","S","-1","126","Springfield_ MA",0
"13502",77.9583,"D9","S","10","-1","Hudson_ NY",1
"113801",45.5000,"-1","S","-1","-1","London / New York_ NY",0
"PC 17569",146.5208,"B80","C","-1","-1","-1",1
"24160",211.3375,"B5","S","2","-1","St Louis_ MO",1
"110469",26.0000,"C106","S","-1","-1","Brockton_ MA",0
"110152",86.5000,"B79","S","8","-1","-1",1
"11774",29.7000,"C47","C","7","-1","Paris_ France",1
"113773",53.1000,"D30","S","-1","-1","New York_ NY",0
"113773",53.1000,"D30","S","10","-1","New York_ NY",1
"PC 17482",49.5042,"C90","C","6","-1","Belgium  Montreal_ PQ",1
"13050",75.2417,"C6","C","-1","292","Vancouver_ BC",0
"17463",51.8625,"E46","S","-1","175","Dorchester_ MA",0
"PC 17473",26.2875,"E25","S","7","-1","Philadelphia_ PA",1
"PC 17604",82.1708,"-1","C","-1","-1","New York_ NY",0
"PC 17604",82.1708,"-1","C","6","-1","New York_ NY",1
"13509",26.5500,"E38","S","-1","249","East Bridgewater_ MA",0
"19928",90.0000,"C78","Q","-1","230","Fond du Lac_ WI",0
"19928",90.0000,"C78","Q","14","-1","Green Bay_ WI",1
"19928",90.0000,"C78","Q","14","-1","Fond du Lac_ WI",1
"13236",57.7500,"C78","C","11","-1","New York_ NY",1
"113787",30.5000,"C30","S","-1","-1","Montreal_ PQ",0
"113796",42.4000,"-1","S","-1","-1","Washington_ DC",0
"PC 17596",29.7000,"C118","C","-1","-1","Brooklyn_ NY",0
"35273",113.2750,"D36","C","6","-1","Lexington_ MA",1
"35273",113.2750,"D36","C","6","-1","Lexington_ MA",1
"35273",113.2750,"D48","C","-1","122","Lexington_ MA",0
"11752",26.2833,"D47","S","5","-1","New York_ NY",1
"693",26.0000,"-1","S","-1","263","Isle of Wight_ England",0
"PC 17758",108.9000,"C105","C","8","-1","-1",1
"F.C. 12998",25.7417,"-1","C","7","-1","Paris_ France",1
"113509",61.9792,"B36","C","5","-1","Providence_ RI",1
"113509",61.9792,"B30","C","-1","234","Providence_ RI",0
"PC 17562",27.7208,"D43","C","-1","189","?Havana_ Cuba",0
"112052",0.0000,"-1","S","-1","-1","Belfast",0
"113043",28.5000,"C124","S","-1","166","Surbiton Hill_ Surrey",0
"12749",93.5000,"B24","S","-1","-1","Montreal_ PQ",0
"113776",66.6000,"C2","S","-1","-1","Isleworth_ England",0
"113776",66.6000,"C2","S","8","-1","Isleworth_ England",1
"PC 17758",108.9000,"C65","C","-1","-1","Madrid_ Spain",0
"PC 17758",108.9000,"C65","C","8","-1","Madrid_ Spain",1
"12749",93.5000,"B73","S","3","-1","-1",1
"113786",30.5000,"C104","S","6","-1","Toronto_ ON",1
"110465",52.0000,"C110","S","-1","207","Worcester_ MA",0
"11767",83.1583,"C50","C","7","-1","Mt Airy_ Philadelphia_ PA",1
"19972",0.0000,"-1","S","-1","-1","Rotterdam_ Netherlands",0
"PC 17607",39.6000,"-1","S","A","-1","Paris /  New York_ NY",1
"PC 17760",135.6333,"-1","C","-1","232","-1",0
"PC 17757",227.5250,"-1","C","-1","-1","-1",0
"24160",211.3375,"B3","S","2","-1","St Louis_ MO",1
"PC 17590",50.4958,"A24","S","-1","-1","Trenton_ NJ",0
"111428",26.5500,"-1","S","9","-1","New York_ NY",1
"113767",50.0000,"A32","S","-1","-1","Seattle_ WA",0
"PC 17613",27.7208,"A11","C","11","-1","Paris_ France",1
"PC 17585",79.2000,"-1","C","-1","16","New York_ NY",0
"13049",40.1250,"A10","C","-1","-1","Winnipeg_ MB",0
"110152",86.5000,"B77","S","8","-1","London  Vancouver_ BC",1
"PC 17603",59.4000,"-1","C","-1","-1","New York_ NY",0
"PC 17603",59.4000,"-1","C","6","-1","New York_ NY",1
"113790",26.5500,"-1","S","-1","109","London",0
"PC 17608",262.3750,"B57 B59 B63 B66","C","4","-1","Haverford_ PA / Cooperstown_ NY",1
"PC 17608",262.3750,"B57 B59 B63 B66","C","4","-1","Haverford_ PA / Cooperstown_ NY",1
"PC 17608",262.3750,"B57 B59 B63 B66","C","4","-1","Haverford_ PA / Cooperstown_ NY",1
"PC 17608",262.3750,"B57 B59 B63 B66","C","-1","-1","Haverford_ PA / Cooperstown_ NY",0
"PC 17608",262.3750,"B57 B59 B63 B66","C","4","-1","Haverford_ PA / Cooperstown_ NY",1
"19988",30.5000,"C106","S","3","-1","Manchester_ England",1
"PC 17477",69.3000,"B35","C","9","-1","-1",1
"111163",26.0000,"-1","S","1","-1","New York_ NY",1
"13236",57.7500,"C28","C","11","-1","New York_ NY",1
"113798",31.0000,"-1","C","4","-1","-1",1
"113794",26.5500,"-1","S","7","-1","New York_ NY",1
"PC 17582",153.4625,"C125","S","3","-1","New York_ NY / Greenwich CT",1
"PC 17475",26.2875,"E24","S","5","-1","St Louis_ MO",1
"13507",55.9000,"E44","S","-1","-1","Duluth_ MN",0
"13507",55.9000,"E44","S","11","-1","Duluth_ MN",1
"13213",35.5000,"A26","C","3","-1","Basel_ Switzerland",1
"113788",35.5000,"A6","S","7","-1","New Britain_ CT",1
"113792",26.5500,"-1","S","-1","-1","New York_ NY",0
"17764",30.6958,"A7","C","-1","-1","St James_ Long Island_ NY",0
"13695",60.0000,"C31","S","-1","-1","Huntington_ WV",0
"113056",26.0000,"A19","S","-1","-1","Streatham_ Surrey",0
"13695",60.0000,"C31","S","6","-1","Huntington_ WV",1
"21228",82.2667,"B45","S","7","-1","Minneapolis_ MN",1
"21228",82.2667,"B45","S","7","-1","Minneapolis_ MN",1
"16966",134.5000,"E34","C","3","-1","Tuxedo Park_ NY",1
"16966",134.5000,"E34","C","3","-1","Tuxedo Park_ NY",1
"16966",134.5000,"E34","C","3","-1","Tuxedo Park_ NY",1
"PC 17569",146.5208,"B78","C","-1","-1","Paris_ France",0
"PC 17569",146.5208,"B78","C","6","-1","Paris_ France",1
"13214",30.5000,"B50","C","3","-1","Basel_ Switzerland",1
"113514",26.5500,"C87","S","-1","-1","Wimbledon Park_ London / Hayling Island_ Hants",0
"11778",55.4417,"C116","C","1","-1","Newark_ NJ",1
"11778",55.4417,"C116","C","5","-1","Newark_ NJ",1
"36947",78.2667,"D20","C","4","-1","Haverford_ PA",1
"PC 17605",27.7208,"-1","C","-1","-1","Gallipolis_ Ohio / ? Paris / New York",0
"113572",80.0000,"B28","-1","6","-1","Cincinatti_ OH",1
"PC 17483",221.7792,"C55 C57","S","-1","96","New York_ NY",0
"PC 17483",221.7792,"C55 C57","S","-1","-1","New York_ NY",0
"36963",32.3208,"D50","S","-1","46","Haddenfield_ NJ",0
"17466",25.9292,"D17","S","8","-1","Brooklyn_ NY",1
"110413",79.6500,"E68","S","8","-1","New York_ NY",1
"110413",79.6500,"E67","S","-1","-1","New York_ NY",0
"110413",79.6500,"E67","S","8","-1","New York_ NY",1
"19996",52.0000,"C126","S","5 7","-1","London /  East Orange_ NJ",1
"19996",52.0000,"C126","S","5 7","-1","London /  East Orange_ NJ",1
"17421",110.8833,"C68","C","-1","-1","Haverford_ PA",0
"17421",110.8833,"C70","C","B","-1","Haverford_ PA",1
"17421",110.8833,"C68","C","4","-1","Haverford_ PA",1
"PC 17585",79.2000,"-1","C","D","-1","New York_ NY",1
"2543",28.5375,"C53","C","7","-1","Albany_ NY",1
"PC 17601",27.7208,"-1","C","-1","-1","Mexico City_ Mexico",0
"111240",33.5000,"B19","S","-1","245","Brooklyn_ NY",0
"36967",34.0208,"D46","S","-1","-1","East Orange_ NJ",0
"PC 17755",512.3292,"-1","C","3","-1","-1",1
"110813",75.2500,"D37","C","-1","-1","Portland_ OR",0
"110813",75.2500,"D37","C","5","-1","Portland_ OR",1
"113800",26.5500,"-1","S","-1","-1","England Salt Lake City_ Utah",0
"35281",77.2875,"D26","S","-1","-1","Brunswick_ ME",0
"35281",77.2875,"D26","S","-1","169","Brunswick_ ME",0
"PC 17760",135.6333,"C32","C","8","-1","New York_ NY / Briarcliff Manor NY",1
"36928",164.8667,"C7","S","8","-1","Youngstown_ OH",1
"36928",164.8667,"-1","S","-1","-1","Youngstown_ OH",0
"36928",164.8667,"-1","S","8","-1","Youngstown_ OH",1
"113503",211.5000,"C80","C","-1","-1","Elkins Park_ PA",0
"113503",211.5000,"C82","C","-1","-1","Elkins Park_ PA",0
"113503",211.5000,"C80","C","4","-1","Elkins Park_ PA",1
"113795",26.5500,"-1","S","8 10","-1","Duluth_ MN",1
"PC 17597",61.3792,"-1","C","-1","-1","Geneva_ Switzerland / Radnor_ PA",0
"PC 17597",61.3792,"-1","C","A","-1","Geneva_ Switzerland / Radnor_ PA",1
"113510",35.0000,"C128","S","-1","-1","London_ England",0
"16966",134.5000,"E39 E41","C","3","-1","-1",1
"19947",35.5000,"C52","S","D","-1","London_ England",1
"113807",26.5500,"-1","S","-1","-1","Halifax_ NS",0
"PC 17760",135.6333,"C32","C","8","-1","New York_ NY / Washington_ DC",1
"P/PP 3381",24.0000,"-1","C","-1","-1","Russia New York_ NY",0
"P/PP 3381",24.0000,"-1","C","10","-1","Russia New York_ NY",1
"248744",13.0000,"-1","S","-1","-1","Bryn Mawr_ PA_ USA",0
"231945",11.5000,"-1","S","-1","-1","Buenos Aires_ Argentina / New Jersey_ NJ",0
"C.A. 34050",10.5000,"-1","S","-1","-1","Cornwall_ England Houghton_ MI",0
"226875",26.0000,"-1","S","-1","-1","Warwick_ England",0
"226875",26.0000,"-1","S","11","-1","Warwick_ England",1
"244346",13.0000,"-1","S","-1","-1","West Hoboken_ NJ",0
"29108",11.5000,"-1","S","-1","-1","Penzance_ Cornwall / Akron_ OH",0
"C.A. 31030",10.5000,"-1","S","-1","-1","Guernsey",0
"28551",13.0000,"D","S","10","-1","Bristol_ Avon / Jacksonville_ FL",1
"C.A./SOTON 34068",10.5000,"-1","S","-1","-1","Plymouth_ Dorset / Houghton_ MI",0
"S.O.P. 1166",12.5250,"-1","S","-1","174","Jacksonville_ FL",0
"2908",26.0000,"-1","S","13","-1","Norwich / New York_ NY",1
"2908",26.0000,"-1","S","13","-1","Norwich / New York_ NY",1
"244358",26.0000,"-1","S","-1","-1","England",0
"230136",39.0000,"F4","S","11","-1","Guntur_ India / Benton Harbour_ MI",1
"230136",39.0000,"F4","S","11","-1","Guntur_ India / Benton Harbour_ MI",1
"230136",39.0000,"F4","S","13","-1","Guntur_ India / Benton Harbour_ MI",1
"230136",39.0000,"F4","S","11","-1","Guntur_ India / Benton Harbour_ MI",1
"248698",13.0000,"D56","S","13","-1","London",1
"28404",13.0000,"-1","S","12","-1","Rochester_ NY",1
"28425",13.0000,"-1","S","-1","-1","St Ives_ Cornwall / Calumet_ MI",0
"237670",13.0000,"-1","S","-1","-1","Elmira_ NY / Orange_ NJ",0
"211535",13.0000,"-1","S","-1","-1","London",0
"220367",13.0000,"-1","S","-1","-1","Lake Arthur_ Chavez County_ NM",0
"248733",13.0000,"F33","S","11","-1","London / Montreal_ PQ",1
"29750",39.0000,"-1","S","14","-1","Cape Town_ South Africa / Seattle_ WA",1
"29750",39.0000,"-1","S","-1","-1","Cape Town_ South Africa / Seattle_ WA",0
"29750",39.0000,"-1","S","14","-1","Cape Town_ South Africa / Seattle_ WA",1
"236853",26.0000,"-1","S","12","-1","Skara_ Sweden / Rockford_ IL",1
"236853",26.0000,"-1","S","-1","-1","Skara_ Sweden / Rockford_ IL",0
"27849",13.0000,"-1","S","9","-1","Sittingbourne_ England / San Diego_ CA",1
"234686",13.0000,"-1","S","-1","97","Southsea_ Hants",0
"244310",13.0000,"-1","S","-1","-1","London",0
"236852",13.0000,"-1","S","-1","-1","New York_ NY",1
"248738",29.0000,"-1","S","13","-1","Bangkok_ Thailand / Roseville_ IL",1
"248738",29.0000,"-1","S","13","-1","Bangkok_ Thailand / Roseville_ IL",1
"248738",29.0000,"-1","S","13","-1","Bangkok_ Thailand / Roseville_ IL",1
"F.C.C. 13528",21.0000,"-1","S","14","-1","Mamaroneck_ NY",1
"239853",0.0000,"-1","S","-1","-1","Belfast",0
"28424",13.0000,"-1","S","-1","18","St Ives_ Cornwall / Calumet_ MI",0
"244252",26.0000,"-1","S","-1","-1","London",0
"244252",26.0000,"-1","S","-1","-1","London",0
"248731",13.5000,"-1","S","-1","130","Bronx_ NY",0
"SC/AH 29037",26.0000,"-1","S","-1","17","Cornwall / Spokane_ WA",0
"SC/AH 29037",26.0000,"-1","S","-1","-1","Cornwall / Spokane_ WA",0
"237789",30.0000,"-1","S","12","-1","London",1
"237789",30.0000,"-1","S","12","-1","London",1
"2003",26.0000,"-1","S","-1","-1","England / San Francisco_ CA",0
"2003",26.0000,"-1","S","14","-1","England / San Francisco_ CA",1
"W./C. 14263",10.5000,"-1","S","-1","-1","Hartford_ Huntingdonshire",0
"248740",13.0000,"-1","S","-1","-1","Helsinki_ Finland Ashtabula_ Ohio",0
"28034",10.5000,"-1","S","9","-1","London / Fort Byron_ NY",1
"C.A. 31921",26.2500,"-1","S","14","-1","Bishopstoke_ Hants / Fayette Valley_ ID",1
"C.A. 31921",26.2500,"-1","S","-1","-1","Bishopstoke_ Hants / Fayette Valley_ ID",0
"C.A. 31921",26.2500,"-1","S","14","-1","Bishopstoke_ Hants / Fayette Valley_ ID",1
"W./C. 14266",10.5000,"F33","S","14","-1","Pennsylvania",1
"237249",13.0000,"-1","S","-1","-1","Provo_ UT",0
"F.C.C. 13534",21.0000,"-1","S","-1","-1","Upper Burma_ India Pittsburgh_ PA",0
"29107",11.5000,"-1","S","-1","-1","Penzance_ Cornwall / Akron_ OH",0
"239853",0.0000,"-1","S","-1","-1","Belfast",0
"C.A. 33112",36.7500,"-1","S","14","-1","St Ives_ Cornwall / Hancock_ MI",1
"S.O.C. 14879",73.5000,"-1","S","-1","-1","Lyndhurst_ England",0
"C.A. 33112",36.7500,"-1","S","14","-1","St Ives_ Cornwall / Hancock_ MI",1
"237668",13.0000,"-1","S","13","-1","London / Staten Island_ NY",1
"244360",13.0000,"-1","S","-1","-1","Portugal / Sau Paulo_ Brazil",0
"S.O.C. 14879",73.5000,"-1","S","-1","-1","-1",0
"SC/PARIS 2167",27.7208,"-1","C","-1","295","Lucca_ Italy / California",0
"SC/PARIS 2167",27.7208,"-1","C","12","-1","Lucca_ Italy / California",1
"C.A. 31029",31.5000,"-1","S","-1","-1","Guernsey / Elizabeth_ NJ",0
"S.O.C. 14879",73.5000,"-1","S","-1","-1","New Forest_ England",0
"231919",23.0000,"-1","S","-1","-1","Southampton",1
"231919",23.0000,"-1","S","-1","-1","Southampton",1
"28403",26.0000,"-1","S","-1","-1","Holley_ NY",0
"28220",32.5000,"-1","S","10","-1","Greenport_ NY",1
"28220",32.5000,"-1","S","-1","-1","Greenport_ NY",0
"28220",32.5000,"-1","S","10","-1","Greenport_ NY",1
"SC/PARIS 2149",13.8583,"-1","C","12","-1","Barcelona_ Spain / Havana_ Cuba",1
"SC/PARIS 2148",13.8583,"-1","C","12","-1","Barcelona_ Spain / Havana_ Cuba",1
"29751",13.0000,"-1","S","-1","-1","England / Detroit_ MI",0
"236854",13.0000,"-1","S","-1","-1","Goteborg_ Sweden / Rockford_ IL",0
"236171",13.0000,"-1","S","-1","-1","Oslo_ Norway Bayonne_ NJ",0
"2926",26.0000,"-1","S","-1","286","England / Philadelphia_ PA",0
"2926",26.0000,"-1","S","16","-1","-1",1
"C.A. 15185",10.5000,"-1","S","-1","-1","Cornwall / Houghton_ MI",0
"229236",13.0000,"-1","S","-1","236","Rochester_ NY",0
"239854",0.0000,"-1","S","-1","-1","Belfast",0
"237671",13.0000,"-1","S","-1","-1","Janjgir_ India / Pennsylvania",0
"239865",26.0000,"-1","S","-1","322","Liverpool / Montreal_ PQ",0
"28664",21.0000,"-1","S","-1","-1","Cornwall / Clear Creek_ CO",0
"28664",21.0000,"-1","S","-1","-1","Cornwall / Clear Creek_ CO",0
"243880",13.0000,"-1","S","12","-1","Brooklyn_ NY",1
"239865",26.0000,"-1","S","-1","-1","Liverpool / Montreal_ PQ",0
"31028",10.5000,"-1","S","-1","-1","Guernsey / Elizabeth_ NJ",0
"C.A. 30769",10.5000,"-1","S","-1","-1","Cornwall",0
"28133",11.5000,"-1","S","-1","-1","Cornwall / Camden_ NJ",0
"28134",11.5000,"-1","S","-1","-1","Cornwall / Camden_ NJ",0
"248726",13.5000,"-1","S","-1","297","West Kensington_ London",0
"233866",13.0000,"-1","S","-1","155","Clevedon_ England",0
"12233",13.0000,"-1","S","-1","-1","Vancouver_ BC",0
"250646",13.0000,"-1","S","-1","305","-1",0
"250647",13.0000,"-1","S","-1","19","Bronx_ NY",0
"250653",13.0000,"-1","S","-1","75","Auburn_ NY",0
"250649",14.5000,"-1","S","4","-1","Detroit_ MI",1
"250649",14.5000,"-1","S","4","-1","Detroit_ MI",1
"248746",13.0000,"-1","S","-1","35","Seattle_ WA / Toledo_ OH",0
"248727",33.0000,"-1","S","11","-1","Denmark Hill_ Surrey / Chicago",1
"248727",33.0000,"-1","S","-1","-1","Denmark Hill_ Surrey / Chicago",0
"S.W./PP 752",10.5000,"-1","S","15","-1","London",1
"W/C 14208",10.5000,"-1","S","-1","-1","Walthamstow_ England",0
"F.C.C. 13529",26.2500,"-1","S","14","-1","Ilford_ Essex / Winnipeg_ MB",1
"F.C.C. 13529",26.2500,"-1","S","-1","-1","Ilford_ Essex / Winnipeg_ MB",0
"F.C.C. 13529",26.2500,"-1","S","14","-1","Ilford_ Essex / Winnipeg_ MB",1
"220845",65.0000,"-1","S","9","-1","Somerset / Bernardsville_ NJ",1
"220845",65.0000,"-1","S","9","-1","Somerset / Bernardsville_ NJ",1
"220845",65.0000,"-1","S","-1","-1","Somerset / Bernardsville_ NJ",0
"220845",65.0000,"-1","S","9","-1","Somerset / Bernardsville_ NJ",1
"248706",16.0000,"-1","S","13","-1","India / Rapid City_ SD",1
"S.O.C. 14879",73.5000,"-1","S","-1","-1","West Hampstead_ London / Neepawa_ MB",0
"S.O.C. 14879",73.5000,"-1","S","-1","256","West Hampstead_ London / Neepawa_ MB",0
"S.O.C. 14879",73.5000,"-1","S","-1","-1","West Hampstead_ London / Neepawa_ MB",0
"250650",13.0000,"-1","S","-1","-1","Kontiolahti_ Finland / Detroit_ MI",0
"29105",23.0000,"-1","S","4","-1","Cornwall / Akron_ OH",1
"29104",11.5000,"-1","S","-1","-1","Cornwall / Akron_ OH",0
"242963",13.0000,"-1","S","-1","-1","Devonport_ England",0
"29105",23.0000,"-1","S","4","-1","Cornwall / Akron_ OH",1
"250643",13.0000,"-1","S","-1","149","Southampton",0
"26707",26.0000,"-1","S","-1","-1","England / Sacramento_ CA",0
"26707",26.0000,"-1","S","10","-1","England / Sacramento_ CA",1
"S.O.C. 14879",73.5000,"-1","S","-1","-1","New Forest_ England",0
"237798",13.0000,"-1","S","10","-1","Tokyo_ Japan",1
"24065",26.0000,"-1","S","-1","-1","Swindon_ England",0
"24065",26.0000,"-1","S","-1","-1","Swindon_ England",0
"SCO/W 1585",12.2750,"-1","S","-1","-1","Philadelphia_ PA",0
"SO/C 14885",10.5000,"-1","S","-1","-1","Guernsey",1
"243847",27.0000,"-1","S","-1","-1","London",0
"243847",27.0000,"-1","S","12","-1","London",1
"237565",15.0000,"-1","S","-1","-1","North Evington_ England",0
"C.A. 31029",31.5000,"-1","S","-1","-1","Guernsey / Elizabeth_ NJ",0
"C.A. 31029",31.5000,"-1","S","-1","-1","Guernsey / Elizabeth_ NJ",0
"C.A. 33111",10.5000,"-1","S","-1","-1","St Ives_ Cornwall / Houghton_ MI",0
"SC/AH Basle 541",13.7917,"D","C","11","-1","New York_ NY",1
"244367",26.0000,"-1","S","-1","283","Moscow / Bronx_ NY",0
"244367",26.0000,"-1","S","12","-1","Moscow / Bronx_ NY",1
"F.C.C. 13534",21.0000,"-1","S","-1","-1","India / Pittsburgh_ PA",0
"226593",12.3500,"E101","Q","10","-1","Harrisburg_ PA",1
"233734",12.3500,"-1","Q","-1","-1","-1",0
"223596",13.5000,"-1","S","9","-1","London / New York_ NY",1
"219533",12.3500,"-1","Q","-1","-1","Glasgow / Bangor_ ME",0
"239855",0.0000,"-1","S","-1","-1","Belfast",0
"C.A. 18723",10.5000,"-1","S","-1","165","Sweden / Arlington_ NJ",0
"250651",26.0000,"-1","S","-1","-1","Minneapolis_ MN",0
"250651",26.0000,"-1","S","-1","-1","Minneapolis_ MN",0
"240261",10.7083,"-1","Q","-1","-1","-1",0
"SC/Paris 2123",41.5792,"-1","C","14","-1","Paris / Haiti",1
"SC/Paris 2123",41.5792,"-1","C","14","-1","Paris / Haiti",1
"SC/Paris 2123",41.5792,"-1","C","-1","-1","Paris / Haiti",0
"SC/Paris 2123",41.5792,"-1","C","14","-1","Paris / Haiti",1
"SC 1748",12.0000,"-1","C","12","-1","Berne_ Switzerland / Central City_ IA",1
"248727",33.0000,"-1","S","11","-1","London / Chicago_ IL",1
"C.A. 34260",10.5000,"F33","S","14","-1","Chicago_ IL",1
"SC/Paris 2163",12.8750,"D","C","-1","-1","Montreal_ PQ",0
"C.A. 29566",10.5000,"-1","S","-1","108","-1",0
"235509",12.3500,"-1","Q","-1","-1","-1",0
"SC/AH 3085",26.0000,"-1","S","-1","121","Weston-Super-Mare_ Somerset",0
"SC/AH 3085",26.0000,"-1","S","-1","-1","Weston-Super-Mare_ Somerset",1
"S.O./P.P. 3",10.5000,"E77","S","-1","52","Southampton / New York_ NY",0
"237735",15.0458,"D","C","-1","-1","Paris",0
"S.C./PARIS 2079",37.0042,"-1","C","10","-1","Paris / Montreal_ PQ",1
"S.C./PARIS 2079",37.0042,"-1","C","-1","-1","Paris / Montreal_ PQ",0
"S.C./PARIS 2079",37.0042,"-1","C","10","-1","Paris / Montreal_ PQ",1
"SC/A.3 2861",15.5792,"-1","C","-1","-1","New York_ NY",0
"28228",13.0000,"-1","S","-1","-1","St Austall_ Cornwall",0
"239059",16.0000,"-1","S","-1","-1","Weston-Super-Mare / Moose Jaw_ SK",0
"237216",13.5000,"-1","S","-1","209","Sydney_ Australia",0
"233478",13.0000,"-1","S","-1","-1","Sarnia_ ON",0
"28403",26.0000,"-1","S","-1","-1","Rochester_ NY",0
"250644",19.5000,"-1","S","14","-1","England / Bennington_ VT",1
"250644",19.5000,"-1","S","14","-1","England / Bennington_ VT",1
"SW/PP 751",10.5000,"-1","S","B","-1","Chelsea_ London",1
"248723",13.0000,"-1","S","-1","-1","Harrow-on-the-Hill_ Middlesex",0
"234360",13.0000,"-1","S","-1","271","Copenhagen_ Denmark",0
"C.A. 24580",10.5000,"-1","S","-1","-1","Guernsey / Montclair_ NJ and/or Toledo_ Ohio",0
"211536",13.0000,"-1","S","-1","-1","Worcester_ MA",0
"29011",14.0000,"-1","S","-1","-1","Frankfort_ KY",0
"250655",26.0000,"-1","S","-1","-1","-1",0
"S.O./P.P. 3",10.5000,"-1","S","-1","-1","Halesworth_ England",0
"240276",9.6875,"-1","Q","-1","-1","Cambridge_ MA",0
"237736",30.0708,"-1","C","-1","43","New York_ NY",0
"237736",30.0708,"-1","C","-1","-1","New York_ NY",1
"230080",26.0000,"F2","S","D","-1","Nice_ France",1
"230080",26.0000,"F2","S","D","-1","Nice_ France",1
"230080",26.0000,"F2","S","-1","15","Nice_ France",0
"244368",13.0000,"F2","S","-1","-1","Boston_ MA",0
"C.A. 33112",36.7500,"-1","S","-1","101","Cornwall / Hancock_ MI",0
"218629",13.5000,"-1","S","-1","287","Glasgow",0
"SC/PARIS 2166",13.8625,"D38","C","7","-1","Cologne_ Germany",1
"C.A. 29395",10.5000,"F33","S","11","-1","Folkstone_ Kent / New York_ NY",1
"28213",13.0000,"-1","S","-1","-1","Middleburg Heights_ OH",0
"W./C. 14260",10.5000,"-1","S","13","-1","Pondersend_ England / New Durham_ NJ",1
"SC/PARIS 2146",13.8625,"-1","C","9","-1","Spain / Havana_ Cuba",1
"244278",10.5000,"-1","S","-1","-1","Hamilton_ ON",0
"SC/PARIS 2147",13.8583,"-1","C","9","-1","Spain / Havana_ Cuba",1
"SC 14888",10.5000,"-1","S","-1","-1","St Andrews_ Guernsey",0
"239853",0.0000,"-1","S","-1","-1","Belfast",0
"230433",26.0000,"-1","S","12","-1","Woodford County_ KY",1
"28665",10.5000,"-1","S","-1","-1","Gunnislake_ England / Butte_ MT",0
"SC/PARIS 2131",15.0500,"-1","C","-1","-1","-1",0
"237393",13.0000,"-1","S","-1","-1","-1",0
"S.O./P.P. 2",21.0000,"-1","S","12","-1","Ilfracombe_ Devon",1
"250655",26.0000,"-1","S","11","-1","Worcester_ England",1
"S.O./P.P. 2",21.0000,"-1","S","-1","-1","Ilfracombe_ Devon",0
"234604",13.0000,"-1","S","9","-1","Russia",1
"250647",13.0000,"-1","S","-1","-1","Denmark / New York_ NY",0
"C.A. 34644",12.7375,"-1","C","14","-1","Milford_ NH",1
"SC/PARIS 2168",15.0333,"-1","C","-1","-1","Paris",0
"26360",26.0000,"-1","S","11","-1","Plymouth_ Devon / Detroit_ MI",1
"26360",26.0000,"-1","S","11","-1","Plymouth_ Devon / Detroit_ MI",1
"26360",26.0000,"-1","S","11","-1","Plymouth_ Devon / Detroit_ MI",1
"C.A. 17248",10.5000,"-1","S","-1","-1","Brighton_ Sussex",0
"31027",21.0000,"-1","S","12","-1","Elizabeth_ NJ",0
"31027",21.0000,"-1","S","-1","-1","Elizabeth_ NJ",1
"230434",13.0000,"-1","S","9","-1","Spain",1
"SC/PARIS 2133",15.0458,"-1","C","-1","-1","Paris / Montreal_ PQ",0
"29106",18.7500,"-1","S","4","-1","Cornwall / Akron_ OH",1
"29106",18.7500,"-1","S","4","-1","Cornwall / Akron_ OH",1
"29106",18.7500,"-1","S","4","-1","Cornwall / Akron_ OH",1
"W./C. 14258",10.5000,"-1","S","13","-1","London_ England / Marietta_ Ohio and Milwaukee_ WI",1
"28004",10.5000,"-1","S","-1","-1","-1",0
"C.A. 31026",10.5000,"-1","S","12","-1","Guernsey / Wilmington_ DE",1
"248659",13.0000,"-1","S","-1","-1","Newark_ NJ",0
"244361",13.0000,"-1","S","-1","-1","Liverpool",0
"244358",26.0000,"-1","S","-1","-1","Hornsey_ England",0
"230433",26.0000,"-1","S","12","-1","Deer Lodge_ MT",1
"250652",13.0000,"-1","S","16","-1","Finland / Minneapolis_ MN",1
"C.A. 33112",36.7500,"-1","S","11","-1","Cornwall / Hancock_ MI",1
"250648",13.0000,"-1","S","10","-1","Finland / Washington_ DC",1
"237442",13.5000,"-1","S","-1","-1","Sault St Marie_ ON",0
"234818",12.3500,"-1","Q","13","-1","Halifax_ NS",1
"28206",10.5000,"-1","S","-1","-1","Cornwall",0
"31418",13.0000,"-1","S","9","-1","-1",1
"C.A. 29178",13.0000,"-1","S","-1","-1","Cornwall / Houghton_ MI",0
"237734",15.0458,"-1","C","-1","-1","New York_ NY",0
"F.C.C. 13540",10.5000,"-1","S","-1","81","Catford_ Kent / Detroit_ MI",0
"248734",13.0000,"F","S","-1","294","-1",0
"220845",65.0000,"-1","S","-1","-1","Somerset / Bernardsville_ NJ",0
"F.C.C. 13531",10.5000,"-1","S","9","-1","Indianapolis_ IN",1
"233639",13.0000,"-1","S","-1","-1","-1",0
"240929",12.6500,"-1","S","-1","-1","Columbus_ OH",1
"34218",10.5000,"E101","S","16","-1","Bath_ England / Massachusetts",1
"11668",21.0000,"-1","S","-1","-1","Plymouth_ England",0
"11668",21.0000,"-1","S","-1","-1","Plymouth_ England",0
"28221",13.0000,"-1","S","-1","-1","Barre_ Co Washington_ VT",0
"F.C.C. 13528",21.0000,"-1","S","14","-1","Mamaroneck_ NY",1
"CA 31352",21.0000,"-1","S","-1","-1","Bristol_ England / New Britain_ CT",0
"28666",10.5000,"-1","S","-1","-1","-1",0
"CA 31352",21.0000,"-1","S","10","-1","Bristol_ England / New Britain_ CT",1
"239856",0.0000,"-1","S","-1","-1","Belfast",0
"C.A. 33595",15.7500,"-1","S","9","-1","Aberdeen / Portland_ OR",1
"C.A. 33595",15.7500,"-1","S","9","-1","Aberdeen / Portland_ OR",1
"27267",13.0000,"E101","S","12","-1","England / Hartford_ CT",1
"228414",26.0000,"-1","S","-1","293","Bromsgrove_ England / Montreal_ PQ",0
"228414",26.0000,"-1","S","10","-1","Bromsgrove_ England / Montreal_ PQ",1
"29103",23.0000,"-1","S","14","-1","Cornwall / Akron_ OH",1
"29103",23.0000,"-1","S","14","-1","Cornwall / Akron_ OH",1
"29103",23.0000,"-1","S","14","-1","Cornwall / Akron_ OH",1
"C.A. 34651",27.7500,"-1","S","10","-1","Bournmouth_ England",1
"C.A. 34651",27.7500,"-1","S","10","-1","Bournmouth_ England",1
"C.A. 34651",27.7500,"-1","S","-1","-1","Bournmouth_ England",0
"C.A. 34651",27.7500,"-1","S","10","-1","Bournmouth_ England",1
"C.A. 24579",10.5000,"-1","S","-1","-1","Guernsey_ England / Edgewood_ RI",0
"SC/PARIS 2159",12.8750,"-1","S","-1","-1","-1",0
"244270",13.0000,"-1","S","9","-1","London_ England",1
"244373",13.0000,"-1","S","14","-1","Harrow_ England",1
"220844",13.5000,"-1","S","9","-1","Yoevil_ England / Cottage Grove_ OR",1
"248747",13.0000,"-1","S","-1","-1","Paris",0
"C.A. 5547",7.5500,"-1","S","-1","-1","-1",0
"C.A. 2673",20.2500,"-1","S","-1","-1","East Providence_ RI",0
"C.A. 2673",20.2500,"-1","S","-1","190","East Providence_ RI",0
"C.A. 2673",20.2500,"-1","S","A","-1","East Providence_ RI",1
"348125",7.6500,"-1","S","16","-1","Norway Los Angeles_ CA",1
"348122",7.6500,"F G63","S","A","-1","Perkins County_ SD",1
"SOTON/O2 3101284",7.9250,"-1","S","15","-1","Taalintehdas_ Finland Hoboken_ NJ",1
"2657",7.2292,"-1","C","C","-1","Greensburg_ PA",1
"C 7076",7.2500,"-1","S","-1","72","Asarum_ Sweden Brooklyn_ NY",0
"341826",8.0500,"-1","S","-1","103","Bournemouth_ England",0
"7546",9.4750,"-1","S","-1","-1","Sweden Akeley_ MN",0
"392091",9.3500,"-1","S","11","-1","London_ England Norfolk_ VA",1
"392091",9.3500,"-1","S","13","-1","London_ England Norfolk_ VA",1
"2699",18.7875,"-1","C","15","-1","Syria Fredericksburg_ VA",1
"3474",7.8875,"-1","S","-1","-1","England Albion_ NY",0
"SOTON/O2 3101287",7.9250,"-1","S","-1","-1","Salo_ Finland Astoria_ OR",0
"SOTON/O.Q. 3101311",7.0500,"-1","S","-1","-1","-1",0
"SOTON/O.Q. 3101312",7.0500,"-1","S","-1","79","Argentina",0
"373450",8.0500,"-1","S","-1","-1","Lower Clapton_ Middlesex or Erdington_ Birmingham",0
"2223",8.3000,"-1","S","-1","259","Windsor_ England New York_ NY",0
"C 4001",22.5250,"-1","S","-1","260","Bergen_ Norway",0
"350046",7.8542,"-1","S","16","-1","-1",1
"347082",31.2750,"-1","S","-1","-1","Sweden Winnipeg_ MN",0
"347082",31.2750,"-1","S","-1","-1","Sweden Winnipeg_ MN",0
"347082",31.2750,"-1","S","-1","-1","Sweden Winnipeg_ MN",0
"3101281",7.9250,"-1","S","D","-1","Ruotsinphyhtaa_ Finland New York_ NY",1
"347091",7.7750,"-1","S","-1","-1","Vadsbro_ Sweden Ministee_ MI",0
"347082",31.2750,"-1","S","-1","-1","Sweden Winnipeg_ MN",0
"347082",31.2750,"-1","S","-1","-1","Sweden Winnipeg_ MN",0
"347082",31.2750,"-1","S","-1","-1","Sweden Winnipeg_ MN",0
"350043",7.7958,"-1","S","A","-1","-1",1
"347075",7.7750,"-1","S","-1","-1","Hartford_ CT",0
"347082",31.2750,"-1","S","-1","-1","Sweden Winnipeg_ MN",0
"347466",7.8542,"-1","S","-1","-1","Sweden Chicago_ IL",0
"349202",7.8958,"-1","S","-1","-1","Bulgaria Chicago_ IL",0
"349237",17.8000,"-1","S","-1","-1","Altdorf_ Switzerland",0
"349237",17.8000,"-1","S","-1","-1","Altdorf_ Switzerland",0
"349911",7.7750,"-1","S","-1","-1","Sweden Joliet_ IL",0
"SOTON/O.Q. 3101310",7.0500,"-1","S","-1","-1","-1",0
"347077",31.3875,"-1","S","-1","-1","Sweden  Worcester_ MA",0
"347077",31.3875,"-1","S","-1","-1","Sweden Worcester_ MA",0
"347077",31.3875,"-1","S","15","-1","Sweden Worcester_ MA",1
"347077",31.3875,"-1","S","-1","-1","Sweden Worcester_ MA",0
"347077",31.3875,"-1","S","15","-1","Sweden Worcester_ MA",1
"347077",31.3875,"-1","S","-1","142","Sweden  Worcester_ MA",0
"350054",7.7958,"-1","S","13","-1","Oskarshamn_ Sweden Minneapolis_ MN",1
"347077",31.3875,"-1","S","15","-1","Sweden  Worcester_ MA",1
"2696",7.2250,"-1","C","C","-1","Ottawa_ ON",1
"2692",7.2250,"-1","C","-1","-1","Ottawa_ ON",0
"SOTON/O.Q. 3101309",7.0500,"-1","S","-1","-1","-1",0
"2627",14.4583,"-1","C","-1","-1","-1",0
"2694",7.2250,"-1","C","-1","-1","Ottawa_ ON",0
"347468",7.8542,"-1","S","-1","-1","Krakoryd_ Sweden Bloomington_ IL",0
"2687",7.2292,"-1","C","C","-1","Syria Youngstown_ OH",1
"2679",7.2250,"-1","C","-1","-1","-1",0
"3101278",15.8500,"-1","S","D","-1","Ruotsinphytaa_ Finland New York_ NY",0
"3101278",15.8500,"-1","S","-1","-1","Ruotsinphytaa_ Finland New York_ NY",1
"2666",19.2583,"-1","C","C","-1","Syria New York_ NY",1
"2666",19.2583,"-1","C","C","-1","Syria New York_ NY",1
"2666",19.2583,"-1","C","C","-1","Syria New York_ NY",1
"2666",19.2583,"-1","C","C","-1","Syria New York_ NY",1
"A/4 31416",8.0500,"-1","S","C","-1","London Skanteales_ NY",1
"2623",7.2250,"-1","C","-1","-1","-1",0
"349248",7.8958,"-1","S","-1","-1","-1",0
"2663",7.2292,"-1","C","15","-1","-1",1
"2691",14.4542,"-1","C","-1","-1","Syria Ottawa_ ON",0
"2691",14.4542,"-1","C","-1","-1","Syria Ottawa_ ON",0
"330844",7.8792,"-1","Q","-1","-1","New York_ NY",0
"324669",8.0500,"-1","S","-1","-1","England New York_ NY",0
"323951",8.0500,"-1","S","-1","-1","England",0
"347068",7.7750,"-1","S","-1","-1","Krakudden_ Sweden Moune_ IL",0
"PP 4348",9.3500,"-1","S","-1","-1","Tranvik_ Finland New York",0
"2622",7.2292,"-1","C","-1","-1","-1",0
"2648",4.0125,"-1","C","-1","-1","Syria",0
"1601",56.4958,"-1","S","C","-1","Hong Kong New York_ NY",1
"312992",7.7750,"-1","S","-1","-1","Brennes_ Norway New York",0
"347090",7.7500,"-1","S","-1","-1","Stockholm_ Sweden New York",0
"349224",7.8958,"-1","S","-1","-1","Bulgaria Chicago_ IL",0
"2678",15.2458,"-1","C","-1","-1","Syria Kent_ ON",0
"2678",15.2458,"-1","C","-1","-1","Syria Kent_ ON",0
"2664",7.2250,"-1","C","-1","-1","Syria",0
"2678",15.2458,"-1","C","-1","-1","Syria Kent_ ON",0
"364848",7.7500,"-1","Q","-1","-1","Ireland Chicago_ IL",0
"364849",15.5000,"-1","Q","-1","-1","Ireland Chicago_ IL",0
"364849",15.5000,"-1","Q","-1","-1","Ireland Chicago_ IL",0
"54636",16.1000,"-1","S","-1","-1","Treherbert_ Cardiff_ Wales",0
"334914",7.7250,"-1","Q","13","-1","Kingwilliamstown_ Co Cork_ Ireland Glens Falls_ NY",1
"347471",7.8542,"-1","S","-1","-1","Medeltorp_ Sweden Chicago_ IL",0
"3460",7.0458,"-1","S","-1","-1","Bridgerule_ Devon",0
"A/5 21171",7.2500,"-1","S","-1","-1","Bridgerule_ Devon",0
"350045",7.7958,"-1","S","-1","-1","Sweden Worcester_ MA",0
"364512",8.0500,"-1","S","-1","-1","Broomfield_ Chelmsford_ England",0
"329944",7.2833,"-1","Q","-1","299","Co Cork_ Ireland Roxbury_ MA",0
"330920",7.8208,"-1","Q","13","-1","Kingwilliamstown_ Co Cork_ Ireland New York_ NY",1
"365222",6.7500,"-1","Q","-1","-1","Co Cork_ Ireland Charlestown_ MA",0
"330963",7.8792,"-1","Q","-1","-1","Co Sligo_ Ireland New York_ NY",0
"315087",8.6625,"-1","S","-1","-1","-1",0
"315084",8.6625,"-1","S","-1","-1","-1",0
"315091",8.6625,"-1","S","-1","-1","-1",0
"315089",8.6625,"-1","S","-1","-1","Croatia",0
"315093",8.6625,"-1","S","-1","-1","-1",0
"315086",8.6625,"-1","S","-1","-1","-1",0
"364846",7.7500,"-1","Q","-1","-1","-1",0
"364858",7.7500,"-1","Q","-1","-1","Ireland Philadelphia_ PA",0
"A./5. 2152",8.0500,"-1","S","-1","-1","-1",0
"2689",14.4583,"-1","C","-1","-1","Ottawa_ ON",0
"2689",14.4583,"-1","C","-1","-1","Ottawa_ ON",0
"350042",7.7958,"-1","S","-1","-1","Dagsas_ Sweden Fower_ MN",0
"350409",7.8542,"-1","S","-1","-1","Goteborg_ Sweden Huntley_ IL",0
"367231",7.7500,"-1","Q","16","-1","Co Longford_ Ireland New York_ NY",1
"368364",7.7500,"-1","Q","-1","-1","Co Sligo_ Ireland Hartford_ CT",0
"392095",7.2500,"-1","S","-1","-1","St Denys_ Southampton_ Hants",0
"343275",8.0500,"-1","S","-1","-1","London",0
"A/5. 13032",7.7333,"-1","Q","-1","-1","Ireland New York_ NY",0
"1601",56.4958,"-1","S","C","-1","Hong Kong New York_ NY",1
"343276",8.0500,"-1","S","-1","-1","-1",0
"2680",14.4542,"-1","C","-1","-1","Greece",0
"2680",14.4542,"-1","C","-1","-1","Greece",0
"SOTON/O.Q. 3101307",7.0500,"-1","S","-1","-1","Portugal",0
"A/5 3540",8.0500,"-1","S","12","-1","London Brooklyn_ NY",1
"371109",7.2500,"-1","Q","-1","-1","Co Limerick_ Ireland Sherbrooke_ PQ",0
"349210",7.4958,"-1","S","-1","-1","Bulgaria Chicago_ IL",0
"349209",7.4958,"-1","S","-1","-1","-1",0
"21332",7.7333,"-1","Q","-1","-1","Philadelphia_ PA",0
"335097",7.7500,"-1","Q","-1","-1","Ireland Brooklyn_ NY",0
"370373",7.7500,"-1","Q","13","-1","Ireland",1
"330972",7.6292,"-1","Q","-1","-1","Ireland",0
"370369",7.7500,"-1","Q","-1","171","-1",0
"A/5 3536",8.0500,"-1","S","-1","-1","-1",0
"349230",7.8958,"-1","S","-1","-1","Austria",0
"349229",7.8958,"-1","S","-1","-1","Austria",0
"349231",7.8958,"-1","S","-1","-1","Austria",0
"SOTON/OQ 392090",8.0500,"-1","S","-1","-1","London",0
"C.A. 37671",15.9000,"-1","S","2","-1","England Brooklyn_ NY",1
"C.A. 37671",15.9000,"-1","S","2","-1","England Brooklyn_ NY",1
"C.A. 37671",15.9000,"-1","S","2","-1","England Brooklyn_ NY",1
"364500",7.2500,"-1","S","-1","-1","Merrill_ WI",0
"S.P. 3464",8.1583,"-1","S","-1","-1","Bristol_ England Cleveland_ OH",0
"371362",16.1000,"-1","S","12","-1","Bournemouth_ England Newark_ NJ",1
"371362",16.1000,"-1","S","-1","-1","Bournemouth_ England Newark_ NJ",0
"315090",8.6625,"-1","S","-1","-1","Austria-Hungary",0
"2698",7.2250,"-1","C","-1","9","-1",0
"7598",8.0500,"-1","S","15","-1","Australia Fingal_ ND",1
"7552",10.5167,"-1","S","-1","-1","Norrlot_ Sweden Chicago_ IL",0
"349228",10.1708,"-1","S","-1","-1","Austria",0
"382650",6.9500,"-1","Q","15","-1","Co Athlone_ Ireland New York_ NY",1
"382651",7.7500,"-1","Q","13 15 B","-1","Co Athlone_ Ireland New York_ NY",1
"347080",14.4000,"-1","S","-1","-1","Stanton_ IA",0
"347080",14.4000,"-1","S","-1","197","Stanton_ IA",0
"347080",14.4000,"-1","S","-1","-1","Stanton_ IA",0
"349219",7.8958,"-1","S","-1","-1","Bulgaria Chicago_ IL",0
"349203",7.8958,"-1","S","-1","-1","Bulgaria Chicago_ IL",0
"A/4 48871",24.1500,"-1","S","-1","-1","West Bromwich_ England Pontiac_ MI",0
"SC/A4 23568",8.0500,"-1","S","-1","-1","-1",0
"A/4 48871",24.1500,"-1","S","-1","-1","West Bromwich_ England Pontiac_ MI",0
"A/4 48873",8.0500,"-1","S","-1","-1","West Bromwich_ England Pontiac_ MI",0
"386525",16.1000,"-1","S","-1","-1","Liverpool_ England Bedford_ OH",0
"386525",16.1000,"-1","S","16","-1","Liverpool_ England Bedford_ OH",1
"345572",17.4000,"-1","S","15","-1","Tampico_ MT",1
"345572",17.4000,"-1","S","13","-1","Tampico_ MT",1
"345774",9.5000,"-1","S","11","-1","Belgium Detroit_ MI",1
"345778",9.5000,"-1","S","-1","-1","-1",0
"C.A. 2315",20.5750,"-1","S","10","-1","Devon_ England Wichita_ KS",1
"C.A. 2315",20.5750,"-1","S","10","-1","Devon_ England Wichita_ KS",1
"C.A. 2315",20.5750,"-1","S","-1","-1","Devon_ England Wichita_ KS",0
"C.A. 2315",20.5750,"-1","S","10","-1","Devon_ England Wichita_ KS",1
"349250",7.8958,"-1","S","-1","-1","-1",0
"349238",7.8958,"-1","S","-1","-1","-1",0
"349225",7.8958,"-1","S","-1","-1","Bulgaria Coon Rapids_ IA",0
"A/5 21172",7.2500,"-1","S","-1","-1","-1",0
"A/5 21175",7.2500,"-1","S","-1","-1","-1",0
"330958",7.8792,"-1","Q","C","-1","Kilmacowen_ Co Sligo_ Ireland New York_ NY",1
"349232",7.8958,"-1","S","-1","-1","-1",0
"315088",8.6625,"-1","S","-1","-1","-1",0
"349226",7.8958,"-1","S","-1","-1","-1",0
"2686",7.2292,"-1","C","-1","-1","-1",0
"370376",7.7500,"-1","Q","-1","-1","Ireland New York_ NY",0
"A/5. 10482",8.0500,"-1","S","B","-1","England Oglesby_ IL",1
"364516",12.4750,"-1","S","13","-1","Union Hill_ NJ",1
"368702",7.7500,"-1","Q","-1","-1","Ireland New York_ NY",0
"SOTON/OQ 392083",8.0500,"-1","S","-1","-1","London New York_ NY",1
"349241",7.8958,"-1","C","-1","51","Austria Niagara Falls_ NY",0
"336439",7.7500,"-1","Q","-1","-1","-1",0
"S.O./P.P. 752",7.5500,"-1","S","D","-1","England Albion_ NY",1
"347072",13.9000,"-1","S","-1","-1","West Haven_ CT",0
"347072",13.9000,"-1","S","16","-1","West Haven_ CT",1
"349912",7.7750,"-1","S","-1","-1","Tofta_ Sweden Joliet_ IL",0
"347074",7.7750,"-1","S","-1","-1","Karberg_ Sweden Jerome Junction_ AZ",0
"347061",6.9750,"-1","S","-1","-1","Effington Rut_ SD",0
"2674",7.2250,"-1","C","-1","-1","-1",0
"2675",7.2292,"-1","C","-1","-1","Syria Ottawa_ ON",0
"2690",7.2292,"-1","C","-1","-1","-1",0
"2695",7.2292,"-1","C","-1","-1","Syria",0
"A/5 3902",7.2500,"-1","S","-1","-1","Illinois_ USA",0
"364516",12.4750,"-1","S","13","-1","New York_ NY",1
"2631",7.2250,"-1","C","-1","-1","-1",0
"C.A. 6212",15.1000,"-1","S","-1","187","-1",0
"367232",7.7500,"-1","Q","-1","68","Aughnacliff_ Co Longford_ Ireland New York_ NY",0
"SOTON/O.Q. 3101308",7.0500,"-1","S","15","-1","Italy Philadelphia_ PA",1
"350036",7.7958,"-1","S","-1","-1","-1",0
"364859",7.7500,"-1","Q","-1","-1","-1",0
"364851",7.7500,"-1","Q","-1","-1","-1",0
"368323",6.9500,"-1","Q","-1","-1","-1",0
"330910",7.8792,"-1","Q","-1","-1","Ireland Chicago_ IL",0
"365235",7.7500,"-1","Q","-1","-1","Ireland",0
"1601",56.4958,"-1","S","13","-1","Hong Kong New York_ NY",1
"W./C. 6608",34.3750,"-1","S","-1","-1","Rotherfield_ Sussex_ England Essex Co_ MA",0
"W./C. 6608",34.3750,"-1","S","-1","-1","Rotherfield_ Sussex_ England Essex Co_ MA",0
"A/5 1478",8.0500,"-1","S","-1","-1","Bridgwater_ Somerset_ England",0
"W./C. 6608",34.3750,"-1","S","-1","-1","Rotherfield_ Sussex_ England Essex Co_ MA",0
"W./C. 6608",34.3750,"-1","S","-1","-1","Rotherfield_ Sussex_ England Essex Co_ MA",0
"W./C. 6608",34.3750,"-1","S","-1","-1","Rotherfield_ Sussex_ England Essex Co_ MA",0
"368573",7.7500,"-1","Q","-1","-1","Ireland New York_ NY",0
"SOTON/O.Q. 3101314",7.2500,"-1","S","-1","-1","-1",0
"36864",7.7417,"-1","Q","-1","-1","New York_ NY",0
"358585",14.5000,"-1","S","-1","-1","-1",0
"349254",7.8958,"-1","C","-1","-1","-1",0
"14973",8.0500,"-1","S","-1","47","-1",0
"35851",7.7333,"-1","Q","16","-1","Co Longford_ Ireland New York_ NY",1
"335677",7.7500,"-1","Q","13","-1","Co Clare_ Ireland Washington_ DC",1
"363291",20.5250,"-1","S","C D","-1","Strood_ Kent_ England Detroit_ MI",1
"363291",20.5250,"-1","S","-1","-1","Strood_ Kent_ England Detroit_ MI",0
"SOTON/O.Q. 3101263",7.8500,"-1","S","-1","-1","Philadelphia_ PA",0
"363291",20.5250,"-1","S","C D","-1","Strood_ Kent_ England Detroit_ MI",1
"SOTON/O.Q. 3101306",7.0500,"-1","S","-1","-1","Portugal",0
"CA 2144",46.9000,"-1","S","-1","-1","Wiltshire_ England Niagara Falls_ NY",0
"CA 2144",46.9000,"-1","S","-1","-1","Wiltshire_ England Niagara Falls_ NY",0
"CA 2144",46.9000,"-1","S","-1","-1","Wiltshire_ England Niagara Falls_ NY",0
"CA 2144",46.9000,"-1","S","-1","-1","Wiltshire_ England Niagara Falls_ NY",0
"CA 2144",46.9000,"-1","S","-1","-1","Wiltshire_ England Niagara Falls_ NY",0
"CA 2144",46.9000,"-1","S","-1","-1","Wiltshire_ England Niagara Falls_ NY",0
"CA 2144",46.9000,"-1","S","-1","-1","Wiltshire_ England Niagara Falls_ NY",0
"CA 2144",46.9000,"-1","S","-1","-1","Wiltshire_ England Niagara Falls_ NY",0
"21440",8.0500,"-1","S","-1","-1","Dorking_ Surrey_ England",0
"8471",8.3625,"-1","S","-1","-1","Foresvik_ Norway Portland_ ND",0
"376563",8.0500,"-1","S","-1","-1","-1",0
"7534",9.8458,"-1","S","-1","-1","Waukegan_ Chicago_ IL",0
"3101276",7.9250,"-1","S","-1","98","Ruotsinphytaa_ Finland New York_ NY",0
"3101277",7.9250,"-1","S","-1","-1","Ruotsinphytaa_ Finland New York_ NY",0
"347069",7.7750,"-1","S","-1","-1","Myren_ Sweden New York_ NY",0
"349236",8.8500,"-1","S","-1","-1","-1",0
"AQ/3. 30631",7.7333,"-1","Q","-1","-1","-1",0
"65303",19.9667,"-1","S","-1","-1","-1",0
"65304",19.9667,"-1","S","-1","-1","-1",0
"STON/O2. 3101279",15.8500,"-1","S","-1","-1","-1",0
"STON/O2. 3101279",15.8500,"-1","S","15","-1","-1",1
"345769",9.5000,"-1","S","-1","-1","-1",0
"2693",7.2292,"-1","C","-1","188","-1",0
"350026",14.1083,"-1","S","-1","-1","-1",0
"350025",7.8542,"-1","S","-1","-1","-1",0
"350029",7.8542,"-1","S","-1","69","-1",0
"350026",14.1083,"-1","S","11","-1","-1",1
"W./C. 6609",7.5500,"-1","S","-1","-1","-1",0
"374887",7.2500,"-1","S","B","-1","-1",0
"394140",6.8583,"-1","Q","-1","-1","-1",0
"2699",18.7875,"-1","C","-1","-1","-1",0
"370375",7.7500,"-1","Q","16","-1","-1",1
"347089",6.9750,"-1","S","15","-1","-1",1
"1601",56.4958,"-1","S","C","-1","-1",1
"365226",6.7500,"-1","Q","-1","-1","-1",0
"STON/O2. 3101282",7.9250,"-1","S","-1","-1","-1",1
"STON/O2. 3101290",7.9250,"-1","S","-1","-1","-1",0
"7548",8.9625,"-1","S","C","-1","-1",1
"349243",7.8958,"-1","S","-1","306","-1",0
"347086",7.7750,"-1","S","-1","-1","-1",0
"382649",7.7500,"-1","Q","-1","-1","-1",0
"3101298",12.2875,"-1","S","15","-1","-1",1
"3101298",12.2875,"-1","S","15","-1","-1",1
"C 7075",6.4500,"-1","S","-1","-1","-1",0
"C 4001",22.5250,"-1","S","-1","-1","-1",0
"STON/O2. 3101283",7.9250,"-1","S","-1","-1","-1",1
"370377",7.7500,"-1","Q","-1","-1","-1",0
"A. 2. 39186",8.0500,"-1","S","C","-1","-1",1
"348121",7.6500,"F G63","S","-1","120","-1",0
"3470",7.8875,"-1","S","C","-1","-1",1
"2685",7.2292,"-1","C","-1","-1","-1",0
"349220",7.8958,"-1","S","-1","-1","-1",0
"STON/O2. 3101270",7.9250,"-1","S","-1","-1","-1",0
"STON/O2. 3101271",7.9250,"-1","S","-1","-1","-1",0
"349201",7.8958,"-1","S","-1","-1","-1",0
"349240",7.8958,"-1","C","15","-1","-1",1
"350034",7.7958,"-1","S","A","-1","-1",1
"SOTON/O.Q. 3101305",7.0500,"-1","S","-1","-1","-1",0
"350050",7.8542,"-1","S","-1","-1","-1",0
"350047",7.8542,"-1","S","-1","-1","-1",0
"350048",7.0542,"-1","S","-1","-1","-1",0
"14313",7.7500,"-1","Q","D","-1","-1",1
"65306",8.1125,"-1","S","13","-1","-1",1
"3101264",6.4958,"-1","S","-1","143","-1",0
"347070",7.7750,"-1","S","15","-1","-1",1
"350052",7.7958,"-1","S","-1","156","-1",0
"7540",8.6542,"-1","S","-1","285","-1",0
"347063",7.7750,"-1","S","-1","-1","-1",0
"347467",7.8542,"-1","S","-1","-1","-1",0
"347742",11.1333,"-1","S","15","-1","-1",1
"347742",11.1333,"-1","S","15","-1","-1",1
"LINE",0.0000,"-1","S","-1","-1","-1",0
"347062",7.7750,"-1","S","-1","37","-1",0
"LINE",0.0000,"-1","S","-1","-1","-1",0
"347742",11.1333,"-1","S","15","-1","-1",1
"W./C. 6607",23.4500,"-1","S","-1","-1","-1",0
"W./C. 6607",23.4500,"-1","S","-1","-1","-1",0
"W./C. 6607",23.4500,"-1","S","-1","-1","-1",0
"W./C. 6607",23.4500,"-1","S","-1","-1","-1",0
"349204",7.8958,"-1","S","-1","-1","-1",0
"350417",7.8542,"-1","S","15","-1","-1",1
"350408",7.8542,"-1","S","-1","-1","-1",0
"4136",9.8250,"-1","S","-1","-1","-1",0
"4137",9.8250,"-1","S","-1","-1","-1",0
"STON/O 2. 3101286",7.9250,"-1","S","15","-1","-1",1
"STON/O 2. 3101274",7.1250,"-1","S","-1","-1","-1",0
"8475",8.4333,"-1","S","-1","-1","-1",0
"349246",7.8958,"-1","S","-1","-1","-1",0
"350053",7.7958,"-1","S","13","-1","-1",1
"347465",7.8542,"-1","S","-1","-1","-1",0
"350060",7.5208,"-1","S","-1","-1","-1",0
"349256",13.4167,"-1","C","15","-1","-1",1
"349256",13.4167,"-1","C","15","-1","-1",1
"2700",7.2292,"-1","C","-1","-1","-1",0
"2682",7.2292,"-1","C","-1","58","-1",0
"12460",7.7500,"-1","Q","-1","-1","-1",0
"323592",7.2500,"-1","S","A","-1","-1",0
"9234",7.7500,"-1","Q","16","-1","-1",1
"14312",7.7500,"-1","Q","D","-1","-1",1
"330911",7.8292,"-1","Q","-1","70","-1",0
"363592",8.0500,"-1","S","-1","-1","-1",0
"368783",7.7500,"-1","Q","-1","-1","-1",1
"2660",14.4542,"-1","C","-1","-1","-1",0
"2660",14.4542,"-1","C","-1","-1","-1",0
"367227",7.7500,"-1","Q","-1","-1","-1",0
"367229",7.7500,"-1","Q","-1","-1","-1",0
"36865",7.7375,"-1","Q","-1","-1","-1",0
"315152",8.6625,"-1","S","-1","-1","-1",0
"315151",8.6625,"-1","S","-1","-1","-1",0
"315153",22.0250,"-1","S","2","-1","-1",1
"315153",22.0250,"-1","S","2","-1","-1",1
"315153",22.0250,"-1","S","2","-1","-1",1
"350405",12.1833,"-1","S","-1","-1","-1",0
"350404",7.8542,"-1","S","-1","-1","-1",0
"350405",12.1833,"-1","S","-1","-1","-1",0
"349253",7.8958,"-1","C","-1","-1","-1",0
"2654",7.2292,"F E57","C","10","-1","-1",1
"2624",7.2250,"-1","C","-1","-1","-1",0
"4135",9.5875,"-1","S","-1","-1","-1",0
"349217",7.8958,"-1","S","-1","-1","-1",0
"1601",56.4958,"-1","S","C","-1","-1",1
"1601",56.4958,"-1","S","-1","-1","-1",0
"C 7077",7.2500,"-1","S","13","-1","-1",1
"7935",7.7500,"-1","Q","-1","-1","-1",0
"1601",56.4958,"-1","S","14","-1","-1",1
"7545",9.4833,"-1","S","-1","-1","-1",0
"347067",7.7750,"-1","S","-1","-1","-1",0
"347065",7.7750,"-1","S","-1","-1","-1",0
"2620",7.2250,"-1","C","6","-1","-1",1
"4133",25.4667,"-1","S","-1","-1","-1",0
"4133",25.4667,"-1","S","-1","-1","-1",0
"4133",25.4667,"-1","S","-1","-1","-1",0
"4133",25.4667,"-1","S","-1","-1","-1",0
"4133",25.4667,"-1","S","-1","-1","-1",0
"STON/O 2. 3101292",7.9250,"-1","S","-1","-1","-1",0
"2683",6.4375,"-1","C","-1","196","-1",0
"370371",15.5000,"-1","Q","-1","-1","-1",0
"370371",15.5000,"-1","Q","-1","-1","-1",0
"LINE",0.0000,"-1","S","-1","-1","-1",0
"A/4 48871",24.1500,"-1","S","-1","-1","-1",0
"345781",9.5000,"-1","S","-1","-1","-1",0
"347071",7.7750,"-1","S","-1","-1","-1",0
"347073",7.7500,"-1","S","-1","-1","-1",0
"349910",15.5500,"-1","S","A","-1","-1",0
"349910",15.5500,"-1","S","A","-1","-1",0
"STON/O 2. 3101285",7.9250,"-1","S","15","-1","-1",1
"330971",7.8792,"-1","Q","-1","-1","-1",0
"1601",56.4958,"-1","S","-1","-1","-1",0
"S.O./P.P. 251",7.5500,"-1","S","-1","-1","-1",0
"A/5. 3336",16.1000,"-1","S","-1","-1","-1",0
"A/5. 3336",16.1000,"-1","S","-1","-1","-1",0
"1222",7.8792,"-1","S","-1","153","-1",0
"A/5 21173",7.2500,"-1","S","-1","-1","-1",0
"315098",8.6625,"-1","S","15","-1","-1",1
"347743",7.0542,"-1","S","-1","-1","-1",0
"347469",7.8542,"-1","S","10","-1","-1",1
"350403",7.5792,"-1","S","15","-1","-1",1
"349235",7.8958,"-1","S","-1","-1","-1",0
"C.A. 42795",7.5500,"-1","S","-1","-1","-1",0
"370370",7.7500,"-1","Q","15","-1","-1",1
"C 17369",7.1417,"-1","S","13","-1","-1",1
"STON/O 2. 3101275",7.1250,"-1","S","-1","-1","-1",0
"330924",7.8792,"-1","Q","-1","-1","-1",0
"AQ/4 3130",7.7500,"-1","Q","-1","-1","-1",0
"A/S 2816",8.0500,"-1","S","-1","-1","-1",0
"STON/O 2. 3101268",7.9250,"-1","S","-1","-1","-1",0
"2677",7.2292,"-1","C","15","-1","-1",1
"364850",7.7500,"-1","Q","-1","61","-1",0
"36866",7.7375,"-1","Q","16","-1","-1",1
"2655",7.2292,"F E46","C","-1","-1","-1",0
"349213",7.8958,"-1","C","-1","-1","-1",0
"349257",7.8958,"-1","S","-1","-1","-1",0
"2649",7.2250,"-1","C","C","-1","-1",1
"349255",7.8958,"-1","C","-1","-1","-1",0
"383123",7.7500,"-1","Q","15 16","-1","-1",1
"367228",7.7500,"-1","Q","-1","-1","-1",1
"367226",23.2500,"-1","Q","16","-1","-1",1
"367226",23.2500,"-1","Q","16","-1","-1",1
"367226",23.2500,"-1","Q","16","-1","-1",1
"330932",7.7875,"-1","Q","13","-1","-1",1
"36568",15.5000,"-1","Q","-1","-1","-1",0
"330931",7.8792,"-1","Q","13","-1","-1",1
"330923",8.0292,"-1","Q","-1","-1","-1",1
"9232",7.7500,"-1","Q","-1","-1","-1",0
"370372",7.7500,"-1","Q","-1","-1","-1",0
"376566",16.1000,"-1","S","-1","-1","-1",0
"376566",16.1000,"-1","S","-1","53","-1",0
"370368",7.7500,"-1","Q","-1","-1","-1",0
"SOTON/O.Q. 392087",8.0500,"-1","S","-1","-1","-1",0
"343095",8.0500,"-1","S","-1","-1","-1",0
"A.5. 11206",8.0500,"-1","S","-1","201","-1",0
"368703",7.7500,"-1","Q","-1","-1","-1",0
"345501",7.7750,"-1","S","15","-1","-1",1
"359306",8.0500,"-1","S","-1","-1","-1",0
"349233",7.8958,"-1","S","-1","-1","-1",0
"349211",7.8958,"-1","S","-1","-1","-1",0
"349207",7.8958,"-1","S","-1","-1","-1",0
"349221",7.8958,"-1","S","-1","-1","-1",0
"330980",7.8792,"-1","Q","16","-1","-1",1
"348123",7.6500,"F G73","S","-1","309","-1",0
"392096",12.4750,"E121","S","14","-1","-1",1
"392096",12.4750,"E121","S","14","-1","-1",1
"A4. 54510",8.0500,"-1","S","-1","-1","-1",0
"371110",24.1500,"-1","Q","16","-1","-1",1
"371110",24.1500,"-1","Q","-1","-1","-1",0
"330877",8.4583,"-1","Q","-1","-1","-1",0
"364506",8.0500,"-1","S","-1","-1","-1",0
"372622",7.7500,"-1","Q","-1","-1","-1",0
"312991",7.7750,"-1","S","B","-1","-1",1
"2661",15.2458,"-1","C","C","-1","-1",1
"2661",15.2458,"-1","C","C","-1","-1",1
"2661",15.2458,"-1","C","C","-1","-1",1
"2626",7.2292,"-1","C","-1","-1","-1",1
"374746",8.0500,"-1","S","-1","-1","-1",0
"35852",7.7333,"-1","Q","16","-1","-1",1
"382653",7.7500,"-1","Q","15","-1","-1",1
"A./5. 3235",8.0500,"-1","S","-1","-1","-1",0
"367230",15.5000,"-1","Q","16","-1","-1",1
"367230",15.5000,"-1","Q","16","-1","-1",1
"36568",15.5000,"-1","Q","16","-1","-1",1
"347078",7.7500,"-1","S","-1","-1","-1",0
"349206",7.8958,"-1","S","-1","-1","-1",0
"2667",7.2250,"-1","C","C","-1","-1",1
"2653",15.7417,"-1","C","C","-1","-1",1
"2653",15.7417,"-1","C","C","-1","-1",1
"2653",15.7417,"-1","C","C","-1","-1",1
"A./5. 3338",8.0500,"-1","S","-1","-1","-1",0
"349218",7.8958,"-1","S","-1","-1","-1",0
"2652",7.2292,"-1","C","-1","-1","-1",0
"365237",7.7500,"-1","Q","-1","-1","-1",0
"349234",7.8958,"-1","S","-1","-1","-1",0
"2651",11.2417,"-1","C","C","-1","-1",1
"2651",11.2417,"-1","C","C","-1","-1",1
"3101297",7.9250,"-1","S","-1","-1","-1",0
"363611",8.0500,"-1","S","-1","-1","-1",0
"347066",7.7750,"-1","S","D","-1","-1",1
"347470",7.8542,"-1","S","13","-1","-1",1
"350410",7.8542,"-1","S","-1","-1","-1",0
"SOTON/O2 3101272",7.1250,"-1","S","-1","-1","Finland Sudbury_ ON",0
"STON/O 2. 3101289",7.9250,"-1","S","9","-1","-1",1
"A/4. 39886",7.8000,"-1","S","-1","-1","-1",0
"2697",7.2292,"-1","C","-1","181","-1",0
"347081",7.7500,"-1","S","13","-1","-1",1
"345364",6.2375,"-1","S","-1","-1","-1",0
"370365",15.5000,"-1","Q","-1","-1","-1",0
"330979",7.8292,"-1","Q","-1","-1","-1",0
"370365",15.5000,"-1","Q","-1","-1","-1",1
"334912",7.7333,"-1","Q","-1","-1","-1",0
"371060",7.7500,"-1","Q","-1","-1","-1",0
"366713",7.7500,"-1","Q","-1","-1","-1",0
"7267",9.2250,"-1","S","-1","-1","-1",0
"364856",7.7500,"-1","Q","-1","-1","-1",0
"14311",7.7500,"-1","Q","D","-1","-1",1
"330959",7.8792,"-1","Q","-1","-1","-1",1
"347085",7.7750,"-1","S","C","-1","-1",1
"368402",7.7500,"-1","Q","B","-1","-1",1
"330919",7.8292,"-1","Q","13","-1","-1",1
"C 17368",3.1708,"-1","S","13","-1","-1",1
"C 4001",22.5250,"-1","S","-1","173","-1",0
"4579",8.4042,"-1","S","-1","-1","-1",0
"Fa 265302",7.3125,"-1","S","-1","-1","-1",0
"350407",7.8542,"-1","S","-1","-1","-1",0
"347464",7.8542,"-1","S","-1","-1","-1",0
"347079",7.7750,"-1","S","A","-1","-1",1
"6563",9.2250,"-1","S","-1","89","Oslo_ Norway Cameron_ WI",0
"315085",8.6625,"-1","S","-1","-1","-1",0
"315096",8.6625,"-1","S","-1","-1","-1",0
"315094",8.6625,"-1","S","-1","-1","-1",0
"7534",9.2167,"-1","S","-1","-1","-1",0
"349244",8.6833,"-1","S","-1","-1","-1",1
"330909",7.6292,"-1","Q","-1","-1","-1",0
"349909",21.0750,"-1","S","-1","4","-1",0
"349909",21.0750,"-1","S","-1","-1","-1",0
"349909",21.0750,"-1","S","-1","-1","-1",0
"349909",21.0750,"-1","S","-1","-1","-1",0
"349909",21.0750,"-1","S","-1","206","-1",0
"3101295",39.6875,"-1","S","-1","-1","-1",0
"3101295",39.6875,"-1","S","-1","-1","-1",0
"3101295",39.6875,"-1","S","-1","-1","-1",0
"3101295",39.6875,"-1","S","-1","-1","-1",0
"3101295",39.6875,"-1","S","-1","-1","-1",0
"3101295",39.6875,"-1","S","-1","-1","-1",0
"315097",8.6625,"-1","S","-1","-1","-1",0
"358585",14.5000,"-1","S","-1","-1","-1",0
"3411",8.7125,"-1","C","-1","-1","-1",0
"349242",7.8958,"-1","S","-1","-1","-1",0
"SOTON/O.Q. 3101315",13.7750,"-1","S","-1","-1","-1",0
"SOTON/O.Q. 3101315",13.7750,"-1","S","-1","-1","-1",0
"SOTON/O.Q. 3101315",13.7750,"-1","S","-1","-1","-1",0
"343271",7.0000,"-1","S","-1","-1","-1",0
"345498",7.7750,"-1","S","-1","-1","-1",0
"A/5 2817",8.0500,"-1","S","-1","-1","-1",0
"STON/O 2. 3101294",7.9250,"-1","S","-1","-1","-1",0
"STON/O 2. 3101291",7.9250,"-1","S","-1","-1","-1",0
"A/5 21174",7.2500,"-1","S","-1","-1","-1",0
"347083",7.7750,"-1","S","15","-1","-1",1
"2668",22.3583,"-1","C","C","-1","-1",1
"2668",22.3583,"F E69","C","D","-1","-1",1
"2668",22.3583,"-1","C","D","-1","-1",1
"330935",8.1375,"-1","Q","-1","-1","-1",0
"342441",8.0500,"-1","S","-1","-1","-1",0
"349245",7.8958,"-1","S","-1","-1","-1",0
"349212",7.8958,"-1","S","-1","-1","-1",0
"349215",7.8958,"-1","S","-1","-1","-1",0
"347076",7.7750,"-1","S","-1","-1","-1",0
"347087",7.7750,"-1","S","-1","-1","-1",0
"SOTON/O.Q. 392078",8.0500,"E10","S","9","-1","-1",1
"349227",7.8958,"-1","S","-1","-1","-1",0
"315095",8.6625,"-1","S","-1","-1","-1",0
"315092",8.6625,"-1","S","-1","-1","-1",0
"349223",7.8958,"-1","S","-1","-1","-1",0
"65305",8.1125,"-1","S","-1","-1","-1",0
"2629",7.2292,"-1","C","-1","-1","-1",0
"362316",7.2500,"-1","S","-1","-1","-1",0
"349249",7.8958,"-1","S","-1","-1","-1",0
"342684",8.0500,"-1","S","-1","-1","-1",0
"382652",29.1250,"-1","Q","-1","-1","-1",0
"382652",29.1250,"-1","Q","-1","-1","-1",0
"382652",29.1250,"-1","Q","-1","-1","-1",0
"382652",29.1250,"-1","Q","-1","-1","-1",0
"382652",29.1250,"-1","Q","-1","-1","-1",0
"382652",29.1250,"-1","Q","-1","327","-1",0
"3101295",39.6875,"-1","S","-1","-1","-1",0
"STON/O 2. 3101273",7.1250,"-1","S","-1","-1","-1",0
"334915",7.7208,"-1","Q","13","-1","-1",1
"364498",14.5000,"-1","S","-1","-1","-1",0
"364498",14.5000,"-1","S","-1","-1","-1",0
"A/5. 3337",14.5000,"-1","S","-1","119","-1",0
"A/5. 3337",14.5000,"-1","S","-1","7","-1",0
"S.C./A.4. 23567",8.0500,"-1","S","-1","-1","-1",0
"312993",7.7750,"-1","S","-1","-1","-1",0
"370129",20.2125,"-1","S","-1","-1","-1",0
"370129",20.2125,"-1","S","-1","-1","-1",0
"370129",20.2125,"-1","S","-1","-1","-1",0
"342712",8.0500,"-1","S","C","-1","-1",1
"A/5 3594",8.0500,"-1","S","-1","-1","-1",0
"A/4. 20589",8.0500,"-1","S","-1","-1","-1",0
"383162",7.7500,"-1","Q","14","-1","-1",1
"371110",24.1500,"-1","Q","-1","-1","-1",0
"2671",7.2292,"-1","C","-1","-1","-1",0
"2672",7.2250,"-1","C","-1","-1","-1",0
"2676",7.2250,"-1","C","-1","-1","-1",0
"367655",7.7292,"-1","Q","-1","-1","-1",0
"LP 1588",7.5750,"-1","S","-1","-1","-1",0
"SOTON/O.Q. 3101262",7.2500,"-1","S","-1","32","-1",0
"CA. 2343",69.5500,"-1","S","-1","-1","-1",0
"CA. 2343",69.5500,"-1","S","-1","67","-1",0
"CA. 2343",69.5500,"-1","S","-1","-1","-1",0
"CA. 2343",69.5500,"-1","S","-1","-1","-1",0
"CA. 2343",69.5500,"-1","S","-1","-1","-1",0
"CA. 2343",69.5500,"-1","S","-1","-1","-1",0
"CA. 2343",69.5500,"-1","S","-1","-1","-1",0
"CA. 2343",69.5500,"-1","S","-1","-1","-1",0
"CA. 2343",69.5500,"-1","S","-1","-1","-1",0
"CA. 2343",69.5500,"-1","S","-1","-1","-1",0
"CA. 2343",69.5500,"-1","S","-1","-1","-1",0
"7266",9.3250,"-1","S","-1","-1","-1",0
"343120",7.6500,"-1","S","C","-1","-1",1
"3101296",7.9250,"-1","S","-1","-1","-1",0
"2662",21.6792,"-1","C","-1","-1","-1",0
"2662",21.6792,"-1","C","-1","-1","-1",0
"2662",21.6792,"-1","C","-1","-1","-1",0
"PP 9549",16.7000,"G6","S","13","-1","-1",1
"PP 9549",16.7000,"G6","S","13","-1","-1",1
"PP 9549",16.7000,"G6","S","13","-1","-1",1
"345768",9.5000,"-1","S","11","-1","-1",1
"A/5. 2151",8.0500,"-1","S","-1","-1","-1",0
"342826",8.0500,"-1","S","-1","284","-1",0
"36209",7.7250,"-1","Q","-1","-1","-1",0
"349222",7.8958,"-1","S","-1","-1","-1",0
"370374",7.7500,"-1","Q","-1","-1","-1",0
"345779",9.5000,"-1","S","11","-1","-1",1
"C.A. 6212",15.1000,"-1","S","-1","-1","-1",0
"330968",7.7792,"-1","Q","-1","-1","-1",1
"374910",8.0500,"-1","S","-1","-1","-1",0
"SOTON/OQ 392082",8.0500,"-1","S","-1","-1","-1",0
"2669",7.2292,"-1","C","-1","-1","-1",0
"392092",8.0500,"-1","S","-1","-1","-1",0
"349251",7.8958,"-1","S","-1","-1","-1",0
"STON/O 2. 3101280",7.9250,"-1","S","-1","-1","-1",0
"3101265",7.4958,"-1","S","16","-1","-1",1
"347088",27.9000,"-1","S","-1","-1","-1",0
"347088",27.9000,"-1","S","-1","-1","-1",0
"347088",27.9000,"-1","S","-1","-1","-1",0
"347088",27.9000,"-1","S","-1","-1","-1",0
"347088",27.9000,"-1","S","-1","-1","-1",0
"347088",27.9000,"-1","S","-1","-1","-1",0
"349214",7.8958,"-1","S","-1","-1","-1",0
"SOTON/OQ 392086",8.0500,"-1","S","-1","-1","-1",0
"315037",8.6625,"-1","S","-1","-1","-1",0
"384461",7.7500,"-1","Q","-1","-1","-1",0
"335432",7.7333,"-1","Q","13","-1","-1",1
"348124",7.6500,"F G73","S","-1","-1","-1",0
"A.5. 18509",8.0500,"-1","S","-1","-1","-1",0
"A.5. 3236",8.0500,"-1","S","-1","-1","-1",0
"STON/OQ. 369943",8.0500,"-1","S","-1","-1","-1",0
"349208",7.8958,"-1","S","-1","-1","-1",0
"349239",8.6625,"-1","C","-1","-1","-1",0
"CA. 2314",7.5500,"-1","S","C","-1","-1",1
"A/4 45380",8.0500,"-1","S","-1","-1","-1",0
"3701","-1","-1","S","-1","261","-1",0
"349205",7.8958,"-1","S","-1","-1","-1",0
"7553",9.8375,"-1","S","-1","-1","-1",0
"STON/O 2. 3101288",7.9250,"-1","S","9","-1","-1",1
"315083",8.6625,"-1","S","-1","-1","-1",0
"347054",10.4625,"G6","S","-1","-1","-1",0
"347054",10.4625,"G6","S","-1","-1","-1",0
"SOTON/OQ 392089",8.0500,"-1","S","B","-1","-1",1
"STON/O 2. 3101269",7.9250,"-1","S","15","-1","-1",1
"SOTON/OQ 392076",7.0500,"-1","S","-1","-1","-1",0
"347060",7.7750,"-1","S","-1","-1","-1",0
"7538",9.2250,"-1","S","13","-1","-1",1
"350035",7.7958,"-1","S","-1","-1","-1",0
"350033",7.7958,"-1","S","13 15","-1","-1",1
"363294",8.0500,"-1","S","-1","176","-1",0
"2625",8.5167,"-1","C","16","-1","-1",1
"2621",6.4375,"-1","C","-1","-1","-1",0
"2681",6.4375,"-1","C","-1","-1","-1",0
"2684",7.2250,"-1","C","-1","-1","-1",0
"2625",8.5167,"-1","C","14","-1","-1",1
"32302",8.0500,"-1","S","-1","-1","-1",0
"376564",16.1000,"-1","S","-1","-1","-1",0
"376564",16.1000,"-1","S","10","-1","-1",1
"STON/O 2. 3101293",7.9250,"-1","S","-1","-1","-1",0
"383121",7.7500,"F38","Q","-1","-1","-1",0
"349216",7.8958,"-1","S","-1","-1","-1",0
"364499",8.0500,"-1","S","-1","50","-1",0
"364511",8.0500,"-1","S","-1","-1","-1",0
"2673",7.2292,"-1","C","-1","-1","-1",0
"LINE",0.0000,"-1","S","15","-1","-1",1
"2641",7.2292,"-1","C","-1","-1","-1",0
"2650",15.2458,"-1","C","C","-1","-1",1
"2650",15.2458,"-1","C","C","-1","-1",1
"2650",15.2458,"-1","C","C","-1","-1",1
"349247",7.8958,"-1","S","-1","-1","-1",0
"4138",9.8417,"-1","S","15","-1","-1",1
"4134",9.5875,"-1","S","15","-1","-1",1
"A/5. 851",14.5000,"-1","S","-1","-1","-1",0
"A/5. 851",14.5000,"-1","S","-1","1","-1",0
"A/5. 851",14.5000,"-1","S","-1","255","-1",0
"345773",24.1500,"-1","S","-1","-1","-1",0
"345773",24.1500,"-1","S","-1","-1","-1",0
"345773",24.1500,"-1","S","-1","-1","-1",0
"345777",9.5000,"-1","S","-1","-1","-1",0
"345780",9.5000,"-1","S","-1","-1","-1",0
"345770",9.5000,"-1","S","-1","-1","-1",0
"345783",9.5000,"-1","S","-1","-1","-1",0
"345765",9.0000,"-1","S","-1","-1","-1",0
"345764",18.0000,"-1","S","-1","-1","-1",0
"345763",18.0000,"-1","S","-1","-1","-1",0
"345764",18.0000,"-1","S","-1","-1","-1",0
"345763",18.0000,"-1","S","-1","-1","-1",0
"2658",7.2250,"-1","C","13 15","-1","-1",1
"350416",7.8542,"-1","S","-1","-1","-1",0
"350406",7.8542,"-1","S","-1","-1","-1",0
"349252",7.8958,"-1","S","-1","-1","-1",0
"345767",9.0000,"-1","S","-1","-1","Antwerp_ Belgium / Stanton_ OH",0
"359309",8.0500,"-1","S","-1","-1","-1",0
"C.A. 49867",7.5500,"-1","S","-1","-1","-1",0
"SOTON/OQ 3101316",8.0500,"-1","S","-1","-1","-1",0
"345775",9.5000,"-1","S","-1","298","-1",0
"2688",7.2292,"-1","C","C","-1","-1",1
"347064",7.7500,"-1","S","-1","-1","-1",0
"3101267",6.4958,"-1","S","-1","314","-1",0
"3101266",6.4958,"-1","S","-1","-1","-1",0
"363272",7.0000,"-1","S","-1","-1","-1",1
"3410",8.7125,"-1","S","-1","-1","-1",0
"S.O./P.P. 751",7.5500,"-1","S","-1","-1","-1",0
"A/5 2466",8.0500,"-1","S","-1","-1","-1",0
"54636",16.1000,"-1","S","-1","14","-1",0
"SOTON/OQ 3101317",7.2500,"-1","S","-1","-1","-1",0
"315154",8.6625,"-1","S","-1","131","-1",0
"A/4. 34244",7.2500,"-1","S","-1","-1","-1",0
"345771",9.5000,"-1","S","-1","-1","-1",0
"2659",14.4542,"-1","C","C","-1","-1",0
"2659",14.4542,"-1","C","-1","-1","-1",1
"2628",7.2250,"-1","C","-1","312","-1",0
"2647",7.2250,"-1","C","-1","-1","-1",0
"2627",14.4583,"-1","C","-1","-1","-1",0
"2665",14.4542,"-1","C","-1","328","-1",0
"2665",14.4542,"-1","C","-1","-1","-1",0
"2656",7.2250,"-1","C","-1","304","-1",0
"2670",7.2250,"-1","C","-1","-1","-1",0
"315082",7.8750,"-1","S","-1","-1","-1",0
